accountId,accountIndex
0012x00000ACnJwAAL,1
0012x00000KMA2KAAX,2
0012800001SDUAnAAP,3
0010K00001qJI4LQAW,4
0012x00000TsoHpAAJ,5
0012x00000OLKr0AAH,6
0012x00000LQiZiAAL,7
0012800001SArLKAA1,8
0010K000026NegMQAS,9
0010K000027zFxpQAE,10
0012x00000g7FyjAAE,11
0012x00000NxSwMAAV,12
0012x00000IPhJRAA1,13
0010K00001ofBWXQA2,14
0010K000021FBMVQA4,15
0012800001Z3sQiAAJ,16
0012x000003EHQoAAO,17
0010K0000240Q5nQAE,18
0012800001SDU8xAAH,19
0012x00000MhYPEAA3,20
0012800001SDU3DAAX,21
0012800001SDTysAAH,22
0012x00000IMcS5AAL,23
0010K00001oBVIqQAO,24
0012x00000cmI0OAAU,25
0012x000003EJpLAAW,26
0010K000020J9J7QAK,27
0010K00001y2PLyQAM,28
0010K00002AQGbcQAH,29
0010K000021Urv0QAC,30
0012x00000FFpMKAA1,31
0012x00000AAUHXAA5,32
0012x00000IN9qOAAT,33
0010K000022izt9QAA,34
0012x00000XPGEyAAP,35
0012x000003DZyxAAG,36
0010K00001qmuOGQAY,37
0012x00000PwLSAAA3,38
0010K00001rkCAvQAM,39
0012x00000TsopiAAB,40
0012x00000RsE4uAAF,41
0012x00000SHxZCAA1,42
0010K00001dQdEJQA0,43
0012x000003ElCTAA0,44
0012x00000SFJg7AAH,45
0010K00001sEkD7QAK,46
0012x00000TtF9hAAF,47
0012x00000cx4u5AAA,48
0012x00000BHxVqAAL,49
0010K00001fHDf2QAG,50
0010K00001igdWwQAI,51
0012x00000BHxgeAAD,52
0012x00000gpBu8AAE,53
0012x000003D59AAAS,54
0012x00000FEtMxAAL,55
0012800001SDUBHAA5,56
0010K00001stxxTQAQ,57
0012x00000THUOrAAP,58
0010K000022ioFeQAI,59
0012x00000OKQrdAAH,60
0012x00000XDwQEAA1,61
0010K00001y7WxtQAE,62
0010K00001xj8puQAA,63
0010K00002409UpQAI,64
0012x00000OKnkgAAD,65
0012x00000Ttf4BAAR,66
0010K00001b17DoQAI,67
0010K000020H3DsQAK,68
0012x00000GeYjtAAF,69
0012800001SDUGsAAP,70
0010K00001mCbfEQAS,71
0012800001IZ0RQAA1,72
0012x00000IPXOrAAP,73
0012x00000Rqp7fAAB,74
0012x00000THnhdAAD,75
0010K00002CO0zaQAD,76
0012x00000OKdqwAAD,77
0010K00001u1DmxQAE,78
0012x00000OJBEWAA5,79
0012800001IzG4DAAV,80
0012x00000SHyb4AAD,81
0012800001IzG44AAF,82
0010K000020InaxQAC,83
0010K00001jMeUIQA0,84
0010K000027yknBQAQ,85
0010K000029JxWgQAK,86
0012x00000GdtEqAAJ,87
0012x00000INls4AAD,88
0012x00000THdlGAAT,89
0012800001LhAjQAAV,90
0012800001NGfIKAA1,91
0010K00001tz6PmQAI,92
0012x00000OKjOUAA1,93
0012x00000OxtPhAAJ,94
0010K00001uIgNHQA0,95
0012x000003F9UDAA0,96
0010K00001hDVlLQAW,97
0010K00001yqDTHQA2,98
0012x00000L3AF9AAN,99
0010K00001eJeMbQAK,100
0010K00001iJfctQAC,101
0012x00000PwzW7AAJ,102
0010K000025x4vEQAQ,103
0010K00001mfUGvQAM,104
0012x000003CexNAAS,105
0010K00001sFOTwQAO,106
0012x00000SG4GDAA1,107
0012x000002e5UQAAY,108
0010K00001c72AzQAI,109
0012x00000PwaKrAAJ,110
0012x00000FEt3RAAT,111
0012x00000MkDtgAAF,112
0010K000021VzIzQAK,113
0010K00001y9fibQAA,114
0012x00000Px6kEAAR,115
0010K00001cAVTUQA4,116
0012x00000TuCmBAAV,117
0012x00000SFFsQAAX,118
0012x00000SIU3OAAX,119
0012x00000MiRnmAAF,120
0012x000003F0yDAAS,121
0010K00001hVcYcQAK,122
0012x00000XCWkKAAX,123
0012800001NHHBpAAP,124
0012x00000SIQgGAAX,125
0012x00000Nwl8LAAR,126
0012x00000GecddAAB,127
0012x000002eHJWAA2,128
0012x00000XD6gMAAT,129
0012x00000BHm6VAAT,130
0012x00000FEnD6AAL,131
0010K00002BRvU3QAL,132
0012x00000MglTFAAZ,133
0010K00001cOaLUQA0,134
0012x00000LQkSsAAL,135
0010K000022OOaMQAW,136
0012x00000XNz33AAD,137
0012x00000MhD9ZAAV,138
0012800001HnGXzAAN,139
0012x00000MjJZlAAN,140
0010K00001qmEfkQAE,141
0012x00000Px24BAAR,142
0012x00000cmEo8AAE,143
0012x00000g7xk0AAA,144
0012800001SlSTcAAN,145
0012x00000PwVTgAAN,146
0010K00001ynfhJQAQ,147
0012800001SDTyzAAH,148
0010K00001sFA6QQAW,149
0010K0000280rP9QAI,150
0012x00000RqkaBAAR,151
0010K00001gjvynQAA,152
0012x00000IM6qDAAT,153
0010K000021X3qJQAS,154
0012x00000MgdSwAAJ,155
0012x00000WWZdQAAX,156
0010K00002BR9DiQAL,157
0012x000008JsaVAAS,158
0010K00001suZtMQAU,159
0012x00000Mj4tbAAB,160
0010K00001cQWDjQAO,161
0012x00000WWS4GAAX,162
0012800001SDT7cAAH,163
0012x00000AE7D6AAL,164
0012x00000GbRCaAAN,165
0010K00001dPK4AQAW,166
0010K00002COgDWQA1,167
0010K00001jLj0MQAS,168
0012x00000PwFHyAAN,169
0010K00001ypALqQAM,170
0012x00000WtaaKAAR,171
0010K00001ffLY0QAM,172
0010K00001sE3vdQAC,173
0010K00001uFkdLQAS,174
0012x00000L3FUVAA3,175
0010K00001wFYSfQAO,176
0012x000008KNm6AAG,177
0012x000003CWlhAAG,178
0012x000003F4iaAAC,179
0012x000003DJ5SAAW,180
0012x00000GbXYGAA3,181
0010K00001jpakTQAQ,182
0012800001SDTzMAAX,183
0012x00000BHFiLAAX,184
0012x00000Oy4IOAAZ,185
0010K00002BRc9aQAD,186
0012x000002e0DtAAI,187
0012x00000Nxy8sAAB,188
0012x00000ILpKVAA1,189
0012x00000cKxDFAA0,190
0010K00001fftlZQAQ,191
0012x00000BGVybAAH,192
0012800001VqR2aAAF,193
0012x00000GbJcrAAF,194
0012x000003CbxmAAC,195
0012800001SDUACAA5,196
0010K00001mfLFLQA2,197
0012x00000G149XAAR,198
0012x00000cKduGAAS,199
0012x00000fmAnFAAU,200
0012x00000THcp5AAD,201
0010K000021WmehQAC,202
0012800001SDU4qAAH,203
0010K000028hCr8QAE,204
0012x00000MisEeAAJ,205
0012x00000flyhdAAA,206
0012800001PVmaDAAT,207
0010K000022oq8mQAA,208
0012x00000KKdeeAAD,209
0012800001SDTBCAA5,210
0010K000029JkDcQAK,211
0010K00001mDFtxQAG,212
0012x00000G1W9KAAV,213
0010K0000240nFTQAY,214
0012x00000IN5sBAAT,215
0012x00000dzvLHAAY,216
0012x00000NRfivAAD,217
0012x000003flYcAAI,218
0012x00000TuHPsAAN,219
0012x000005T3qnAAC,220
0010K000020HzCdQAK,221
0010K00001eIswBQAS,222
0012800001ZsI6XAAV,223
0012x00000OvtCiAAJ,224
0012800001HON30AAH,225
0012800001SDU7PAAX,226
0010K00001sZkdJQAS,227
0012800001SDUHyAAP,228
0012x00000LP2AmAAL,229
0012800001SDUF3AAP,230
0012x00000cx5kPAAQ,231
0012800001aOqPwAAK,232
0010K00001sw1CvQAI,233
0012x00000NxHIOAA3,234
0010K00001mCTJoQAO,235
0012x00000cKskqAAC,236
0010K00002BSw1KQAT,237
0012800001FNZ2UAAX,238
0010K000021E5V1QAK,239
0012x000002aiNRAAY,240
0012x00000G0qPPAAZ,241
0012x00000d8goTAAQ,242
0012x00000OymPBAAZ,243
0012x00000KLKITAA5,244
0012x00000GeSWwAAN,245
0012x00000LP0KaAAL,246
0012800001WDcVMAA1,247
0012x00000IMM3QAAX,248
0012x00000INd57AAD,249
0012x00000OvCr5AAF,250
0012x00000SFuzaAAD,251
0010K00001glMWAQA2,252
0010K00001zFfncQAC,253
0010K000029IeOhQAK,254
0012x000003CBD5AAO,255
0010K00001mCuX5QAK,256
0010K000027zlCYQAY,257
0012x000002dSKYAA2,258
0010K00001sELmkQAG,259
0012x00000L2piwAAB,260
0012x000003DCoOAAW,261
0010K000020GPe6QAG,262
0012x000003EUp7AAG,263
0012x00000G2m6MAAR,264
0010K00002ARj74QAD,265
0012x00000MgTNrAAN,266
0010K00001iI7RIQA0,267
0010K000027zWbFQAU,268
0012x00000RqCPfAAN,269
0012800001SmWYvAAN,270
0010K00001us6epQAA,271
0010K0000241vmeQAA,272
0010K00001sE1BvQAK,273
0012x00000LOoUUAA1,274
0012x00000LRRw7AAH,275
0012x00000Rq8AAAAZ,276
0012x00000cM6ioAAC,277
0012x00000Mi6WzAAJ,278
0012x00000OyCmOAAV,279
0010K00001vI8qUQAS,280
0012x00000ACfOvAAL,281
0010K00001hURb4QAG,282
0012x00000NxAU0AAN,283
0012x00000GefwLAAR,284
0010K00002434qZQAQ,285
0012x000003DJBQAA4,286
0010K00001zVwNOQA0,287
0010K00001zFQAVQA4,288
0012x00000SFydhAAD,289
0010K00001iJAqZQAW,290
0010K00001y4QqEQAU,291
0010K00001jp1f6QAA,292
0010K00001xORJeQAO,293
0012x000002bzxRAAQ,294
0010K00001feBhaQAE,295
0012800001SDUHjAAP,296
0010K000020GzWGQA0,297
0012x00000OJvOQAA1,298
0012800001SDTyZAAX,299
0012x00000dbvN3AAI,300
0010K00002BTaMKQA1,301
0012x00000cL1gEAAS,302
0012800001SDU8oAAH,303
0012x00000TJQj6AAH,304
0012x00000NRV8gAAH,305
0012x00000cJhZcAAK,306
0012800001SDUI5AAP,307
0012x00000IMBaOAAX,308
0012x000003D99BAAS,309
0012x00000SICQpAAP,310
0012x00000GbSWGAA3,311
0012x00000LPnfnAAD,312
0010K000028frbdQAA,313
0012800001NDgzeAAD,314
0010K00001fghU0QAI,315
0012x00000TuVCFAA3,316
0010K00001xksnkQAA,317
0010K00001u1AqQQAU,318
0012x00000OJFvmAAH,319
0012x00000GatBPAAZ,320
0012x00000PwfSOAAZ,321
0010K0000272unoQAA,322
0012x00000G1QvoAAF,323
0010K00001iJADIQA4,324
0012x00000MgcYTAAZ,325
0010K000021Y2nFQAS,326
0012x00000Tu8jiAAB,327
0012x00000IMeHYAA1,328
0012800001YIjrHAAT,329
0010K000021VTz3QAG,330
0012800001EioHLAAZ,331
0012x00000OL0pLAAT,332
0012x00000MjJMWAA3,333
0010K000025xzeRQAQ,334
0012x00000LQhjJAAT,335
0012800001SDUAGAA5,336
0010K00001eXlLBQA0,337
0012x00000L3RusAAF,338
0012x00000IPasvAAD,339
0010K000022ihcKQAQ,340
0010K000026PIy6QAG,341
0012x00000Rq2HnAAJ,342
0012x00000OLBiwAAH,343
0010K000027yhJAQAY,344
0010K0000274FpbQAE,345
0012800001IzG9WAAV,346
0012x00000IPObTAAX,347
0010K00001vH9Z2QAK,348
0010K000027zW6lQAE,349
0012x00000OyA4QAAV,350
0012x00000KLluDAAT,351
0012x00000OyMJLAA3,352
0012x00000IOqbCAAT,353
0012x000008K2QqAAK,354
0012x000002ainPAAQ,355
0010K000020H8TxQAK,356
0012800001QDf5jAAD,357
0010K00001rIKCCQA4,358
0012x00000OKTlhAAH,359
0012x000003E226AAC,360
0012x00000OxkKRAAZ,361
0012x000003CTekAAG,362
0012x000002bxMAAAY,363
0012x00000dc3hWAAQ,364
0010K00001qld8gQAA,365
0012x00000LQKZZAA5,366
0012800001SDU96AAH,367
0012x000003DrRxAAK,368
0012800001YInZqAAL,369
0012x00000TGoDxAAL,370
0012x00000KM5YyAAL,371
0010K000023OalpQAC,372
0012x000002e58yAAA,373
0012x00000ILp27AAD,374
0010K000022NuJkQAK,375
0012x00000BFwEkAAL,376
0012800001SDTvYAAX,377
0012x00000GejSSAAZ,378
0012800001Zu0bcAAB,379
0012x00000IMBfAAAX,380
0010K00001uu2K4QAI,381
0012800001SDU6vAAH,382
0010K000023P8iUQAS,383
0010K000021DfAnQAK,384
0012800001SDU1zAAH,385
0010K000022OFqnQAG,386
0012x00000LQ08ZAAT,387
0010K00001eyrOfQAI,388
0012800001SDU9UAAX,389
0012x000002bt3bAAA,390
0012x00000cyKF7AAM,391
0012x00000XEEVnAAP,392
0012x00000cxP2EAAU,393
0012x000002bCflAAE,394
0010K00001iIUoNQAW,395
0012x000003CbUuAAK,396
0012x00000BIWNcAAP,397
0012x00000INRtIAAX,398
0010K00001c9UcbQAE,399
0012800001SDUKQAA5,400
0012800001SoW2NAAV,401
0012x00000XKqzlAAD,402
0012x000003Eo2jAAC,403
0010K00001sc3MKQAY,404
0012800001OjKIdAAN,405
0012x000003DaotAAC,406
0010K00001y9QJ6QAM,407
0010K00001wVs93QAC,408
0010K000021FJ4aQAG,409
0012800001WbzA6AAJ,410
0012x00000LRmWqAAL,411
0010K000027zdZUQAY,412
0012x00000Gb6MTAAZ,413
0010K00001wFEHeQAO,414
0010K00001wX079QAC,415
0010K000029H0g3QAC,416
0012800001SDTwaAAH,417
0012x00000LPdjxAAD,418
0010K0000242yAeQAI,419
0012x00000OvRBAAA3,420
0010K000028fvdMQAQ,421
0012x00000Wq20gAAB,422
0010K000026N8lUQAS,423
0010K00001y97XhQAI,424
0010K00001zHrTtQAK,425
0012x00000fmMTaAAM,426
0012x00000XDJc3AAH,427
0012x00000RreGHAAZ,428
0010K0000281molQAA,429
0012x00000ADGXWAA5,430
0012x00000NSBOjAAP,431
0012x00000G15nVAAR,432
0012x00000THiYaAAL,433
0012x00000THQoKAAX,434
0012x00000WWRStAAP,435
0012x000002dnMHAAY,436
0012800001SDU9vAAH,437
0010K00002BTJZHQA5,438
0012x00000Ws837AAB,439
0012x00000LQxjXAAT,440
0010K00001tyL7ZQAU,441
0010K00001y7nsBQAQ,442
0010K000022Nr6hQAC,443
0010K0000242wDYQAY,444
0012x00000NRrLLAA1,445
0012x000002e5HRAAY,446
0010K00001y2M1nQAE,447
0012x00000g7cfzAAA,448
0012x00000BFjsKAAT,449
0010K00001cQNfLQAW,450
0012x00000FGCRaAAP,451
0010K000020JS0pQAG,452
0012x00000NwhmIAAR,453
0010K00001jNDsuQAG,454
0010K00002BTdAtQAL,455
0012x00000INlXBAA1,456
0012x00000G2lnjAAB,457
0012x00000KKlepAAD,458
0012x00000XOC9AAAX,459
0012x00000NRxf6AAD,460
0010K00001zFPrsQAG,461
0012x00000Gc5nUAAR,462
0012800001SlT2XAAV,463
0012x00000L3AaSAAV,464
0010K00001jr0XCQAY,465
0010K00001eJebWQAS,466
0010K00001qFiwzQAC,467
0010K000023QY4PQAW,468
0012x00000INOo2AAH,469
0012x00000XCeUGAA1,470
0010K00001cAWZYQA4,471
0012x000005UGEtAAO,472
0012800001ZeeWFAAZ,473
0012x00000LPliJAAT,474
0012x00000Rpr5cAAB,475
0012x00000GeZ4sAAF,476
0010K00001mfp0OQAQ,477
0012800001SDTC9AAP,478
0010K00001yq1YwQAI,479
0010K00001saaVdQAI,480
0012x00000THALHAA5,481
0012x00000BHSSpAAP,482
0010K00001usZdqQAE,483
0012x00000FFsQRAA1,484
0012x00000clVb8AAE,485
0010K00001tyCFqQAM,486
0012800001SDUEXAA5,487
0012x00000g9gw4AAA,488
0012x00000INzB9AAL,489
0012x000002dj0XAAQ,490
0012x00000c9JhKAAU,491
0012x000002bK8lAAE,492
0012x00000G1VXUAA3,493
0012x000004VG7MAAW,494
0010K000028fTAZQA2,495
0010K00001zUKlhQAG,496
0012x000002aMawAAE,497
0010K0000241OgYQAU,498
0012x00000cKGcjAAG,499
0010K00002829PZQAY,500
0010K00001uHgnMQAS,501
0012x00000MkEwWAAV,502
0010K00001rIrjYQAS,503
0012x00000g8wzlAAA,504
0012x00000SFaVFAA1,505
0010K000025xZbFQAU,506
0010K000020InYhQAK,507
0012800001SDUD3AAP,508
0012x00000SHs1XAAT,509
0012x00000GbebKAAR,510
0010K000022NfO7QAK,511
0012x00000WsqnIAAR,512
0012x00000Gcs70AAB,513
0012x000003EwfsAAC,514
0010K00001hD6ZsQAK,515
0012x00000Rry8uAAB,516
0012x00000XDhF1AAL,517
0010K00001b0WW7QAM,518
0010K000021EVBIQA4,519
0012800001SDU5jAAH,520
0012x00000goP7UAAU,521
0012x00000G1RKYAA3,522
0012800001SDUByAAP,523
0010K0000242UegQAE,524
0012x00000XOXPVAA5,525
0012800001SDTA1AAP,526
0012x000002c4OsAAI,527
0010K0000242KuEQAU,528
0010K00001vHDWjQAO,529
0012x00000Rq28FAAR,530
0010K00002BUUnWQAX,531
0012x00000TrK1uAAF,532
0012x00000MjlTnAAJ,533
0012800001OAPYBAA5,534
0012800001SDToxAAH,535
0012x00000IOimXAAT,536
0012800001Vq3JgAAJ,537
0012x00000GdlvHAAR,538
0010K000021EzHoQAK,539
0012x00000IPb72AAD,540
0012x00000FEwoMAAT,541
0010K00001g8QO0QAM,542
0012x000003E29WAAS,543
0010K00002COfDLQA1,544
0012x00000OJ9ANAA1,545
0010K00001jouSxQAI,546
0010K00001rKL1CQAW,547
0012x00000bmjtqAAA,548
0012x00000ADg8OAAT,549
0012x00000TtbpVAAR,550
0010K00001feNMYQA2,551
0012x000003fO0jAAE,552
0012x00000LP8DaAAL,553
0012x00000INWLjAAP,554
0012x00000LPcnAAAT,555
0010K00001qmbthQAA,556
0012x00000GeaICAAZ,557
0010K000027yjkYQAQ,558
0012800001SDUC1AAP,559
0012x00000NRwgYAAT,560
0012x000002b2VeAAI,561
0012x000004UhWQAA0,562
0012800001IZEwgAAH,563
0012x00000MicqgAAB,564
0012800001SDTBIAA5,565
0012x00000fmNDlAAM,566
0010K00001mCz90QAC,567
0010K00001jqN3eQAE,568
0010K00001urNa6QAE,569
0010K0000260mI2QAI,570
0012x00000Tt4mUAAR,571
0012x00000ACUiBAAX,572
0010K000023PmXlQAK,573
0012800001I3WeOAAV,574
0012x00000KLSkPAAX,575
0010K00001viuNLQAY,576
0012x00000TJOjqAAH,577
0010K00001hVd7iQAC,578
0012x00000IMiEXAA1,579
0012800001Vq4aEAAR,580
0010K00001uHbkOQAS,581
0012x00000SG4QrAAL,582
0012x00000PwYPcAAN,583
0012x00000g7jh7AAA,584
0012x00000SFk2hAAD,585
0012x00000SHyCnAAL,586
0012x00000KMDSKAA5,587
0010K000023NUuTQAW,588
0012x000005SQ99AAG,589
0012800001SDUB9AAP,590
0010K00001b0I8rQAE,591
0012x00000SIWvLAAX,592
0012x00000XOBPvAAP,593
0012800001SmRh2AAF,594
0012x00000OxxGcAAJ,595
0012x000003CefdAAC,596
0012x00000dziijAAA,597
0012800001I3JujAAF,598
0010K00001oeJKgQAM,599
0010K00001rk340QAA,600
0012x00000RrBeEAAV,601
0010K00001rlPilQAE,602
0012800001JflcTAAR,603
0012800001NDh5VAAT,604
0010K00001hDrmBQAS,605
0012x00000THmu9AAD,606
0010K000022iWrhQAE,607
0010K000022ihPdQAI,608
0012x00000LRKOXAA5,609
0012x00000GbAUPAA3,610
0012x00000FGRLMAA5,611
0012x00000SFxT1AAL,612
0010K00001y8WpQQAU,613
0012x00000TJMQsAAP,614
0012x00000VcPONAA3,615
0012800001SDU8hAAH,616
0012x00000INkipAAD,617
0012x00000G2kPQAAZ,618
0012x00000IMQxSAAX,619
0012800001WLZs2AAH,620
0012800001SDTJgAAP,621
0012x00000RsEOZAA3,622
0012x00000INCePAAX,623
0012x00000GeAsEAAV,624
0010K00002COm4FQAT,625
0012x00000MjmHGAAZ,626
0012x00000TtMSMAA3,627
0010K00001hBH79QAG,628
0012x00000KMFWLAA5,629
0010K00001jpTPVQA2,630
0010K00001usDI6QAM,631
0012x00000TtYN1AAN,632
0010K000022juNHQAY,633
0012800001SDUHpAAP,634
0012x00000G1V3sAAF,635
0012x000002bvHmAAI,636
0012x00000MgUr9AAF,637
0012800001OBEarAAH,638
0012x00000Wt3JoAAJ,639
0010K00001rnOk4QAE,640
0012x00000KLiAiAAL,641
0012x00000OKaKTAA1,642
0012x00000WYjL5AAL,643
0012x00000BIopnAAD,644
0012x00000LQLHEAA5,645
0010K0000241Gw7QAE,646
0010K00001yoZSlQAM,647
0012800001SDUHbAAP,648
0012x000002b3iLAAQ,649
0012x00000g8VoCAAU,650
0010K00001vfS6YQAU,651
0012x000003DIlNAAW,652
0012800001OiGGMAA3,653
0010K00002ATeRxQAL,654
0010K00001sE8pKQAS,655
0012x00000OJNRxAAP,656
0012x00000BHqrfAAD,657
0012x00000SHuddAAD,658
0010K000029IxpnQAC,659
0010K0000275cVpQAI,660
0012x00000OJgusAAD,661
0012x00000SFcdMAAT,662
0012x00000SI79aAAD,663
0010K000021EJtLQAW,664
0012x00000WXuXPAA1,665
0012x00000FFmTWAA1,666
0012x00000FEwhuAAD,667
0012x00000IPNUJAA5,668
0012x00000Mhl8AAAR,669
0012800001SDUEhAAP,670
0012x00000INz77AAD,671
0010K000020KBWbQAO,672
0012x000002aLuLAAU,673
0012x00000ILmgfAAD,674
0012x00000OvqksAAB,675
0010K000021DlAvQAK,676
0012x00000g7hNvAAI,677
0010K00001giJosQAE,678
0010K00001rmN0FQAU,679
0010K0000260mSqQAI,680
0012x000002bcgGAAQ,681
0012x00000VdxHYAAZ,682
0010K00001cODKAQA4,683
0010K0000274YmkQAE,684
0010K000029Izt3QAC,685
0012x00000TtKZCAA3,686
0012x00000Rq70pAAB,687
0012800001IzG6cAAF,688
0012x00000gnrrGAAQ,689
0012800001IzG64AAF,690
0010K000025xdFtQAI,691
0010K00001staY4QAI,692
0012800001SDTIZAA5,693
0010K00001glf6YQAQ,694
0012x00000LOhcHAAT,695
0012x00000SIVLxAAP,696
0012800001SDU5bAAH,697
0010K000026M6k6QAC,698
0012800001Ixmp0AAB,699
0010K000021ETjiQAG,700
0012x00000THB4UAAX,701
0010K0000260L8rQAE,702
0012x00000Gek2oAAB,703
0012x00000LRnLiAAL,704
0012x00000INZadAAH,705
0012x00000MjLT2AAN,706
0012x000002bAfPAAU,707
0012x00000g8AIWAA2,708
0012x00000IMel9AAD,709
0012800001SDTzLAAX,710
0012x00000g8387AAA,711
0012800001SDTz4AAH,712
0012x00000WYmCcAAL,713
0012x00000TuWGuAAN,714
0012x00000IMvadAAD,715
0010K000025xbGaQAI,716
0010K00002CPQO0QAP,717
0012x000008K8rgAAC,718
0012800001SDUKEAA5,719
0010K000020HuOkQAK,720
0010K000020JnxjQAC,721
0010K000026PhSdQAK,722
0010K00001mfqjUQAQ,723
0012x00000XPx8UAAT,724
0010K00001stOjyQAE,725
0010K00001g8yGPQAY,726
0012x00000g8TtkAAE,727
0010K00001vizHkQAI,728
0012x000002b9DgAAI,729
0012x000002dSDSAA2,730
0012x00000LPZ8cAAH,731
0010K00001vg8DGQAY,732
0012x00000LSC3KAAX,733
0012x00000MimGIAAZ,734
0012x00000GemObAAJ,735
0010K000022izkvQAA,736
0010K00001vGelYQAS,737
0010K000021Dj1LQAS,738
0010K000022PagKQAS,739
0010K00001wVqysQAC,740
0012x00000OvHp2AAF,741
0012x00000FEzQ5AAL,742
0010K00001zHpvLQAS,743
0010K0000242vY8QAI,744
0010K00001sDNHOQA4,745
0012x00000GcZ2cAAF,746
0010K00001y278AQAQ,747
0012x00000MjIZbAAN,748
0012800001Z6VsuAAF,749
0012800001SDTvIAAX,750
0012x00000IPflVAAT,751
0012x00000TtrPlAAJ,752
0012800001SDU12AAH,753
0012x00000WphWmAAJ,754
0012x00000cjuf0AAA,755
0012x00000INInpAAH,756
0010K00001hC446QAC,757
0010K00001eHeiyQAC,758
0012x00000THPwsAAH,759
0010K00001cwjrvQAA,760
0010K000021F1ZlQAK,761
0012x00000BGSCbAAP,762
0010K00002ARcV1QAL,763
0012x00000LQVmzAAH,764
0012x00000IMkmSAAT,765
0010K00001zW8QBQA0,766
0012x000002aHxZAAU,767
0012800001SDTrHAAX,768
0012x00000Rq1DdAAJ,769
0010K00001rl36FQAQ,770
0012x00000PwGVjAAN,771
0010K000028gyIRQAY,772
0012x000002bsGtAAI,773
0010K00001y1xp5QAA,774
0012x00000g9Q0xAAE,775
0012x00000FFpp7AAD,776
0012x00000OwGGxAAN,777
0010K00001fHBqSQAW,778
0012x000002dVc1AAE,779
0010K000026Oe5dQAC,780
0010K000023zJMNQA2,781
0012800001SDU1MAAX,782
0012x000003Bw2kAAC,783
0012x00000bmi7rAAA,784
0010K000023QCpfQAG,785
0010K00002CPs4nQAD,786
0012x00000INLgvAAH,787
0012x00000fp0J3AAI,788
0012x00000NRHSGAA5,789
0010K00002BT2VBQA1,790
0010K00001cQzYyQAK,791
0010K00001mEhPPQA0,792
0012x00000RpxYGAAZ,793
0012x00000dbykeAAA,794
0010K00001fGpviQAC,795
0012x00000BHRvhAAH,796
0012800001SDU2YAAX,797
0012x000002eF7EAAU,798
0012x00000LQx7LAAT,799
0012x00000Pwa90AAB,800
0012x00000TJHStAAP,801
0012800001SDT6KAAX,802
0012x000004UrAJAA0,803
0012x00000IM2N1AAL,804
0010K00001vgUZzQAM,805
0012x00000RqFw1AAF,806
0010K00001zI3F5QAK,807
0012x00000TtBy0AAF,808
0012x00000TtSWEAA3,809
0010K00001j7JR2QAM,810
0012x00000SG8bVAAT,811
0012x00000cjwoQAAQ,812
0012x00000cAVJsAAO,813
0010K00001hDrVAQA0,814
0012x00000VcWX2AAN,815
0012x00000GeXMoAAN,816
0010K00002BUG4nQAH,817
0012800001SDU4CAAX,818
0012x000002dUX0AAM,819
0010K00001az3ViQAI,820
0010K000027z8b4QAA,821
0012x00000dzvAYAAY,822
0012x00000TuuXkAAJ,823
0012x00000goRImAAM,824
0012x00000OKCI9AAP,825
0012x00000INwodAAD,826
0012x00000LOpF2AAL,827
0012x00000GeoGTAAZ,828
0010K00001zVrMnQAK,829
0010K00001y9W7TQAU,830
0012x00000NwqyAAAR,831
0012x000003F6c3AAC,832
0012x00000IOichAAD,833
0012x00000IMScrAAH,834
0012x00000FG38cAAD,835
0012x000002bW62AAE,836
0012x00000NxN9sAAF,837
0012x00000TsrdnAAB,838
0010K00001stAPRQA2,839
0012x00000KMblIAAT,840
0012x00000dAVT5AAO,841
0010K00002409o1QAA,842
0010K00001jpSDYQA2,843
0012x00000MkDAeAAN,844
0010K000022k7mmQAA,845
0012800001YHRp8AAH,846
0012x00000LSFp7AAH,847
0012x00000NRxNiAAL,848
0010K000023OpzTQAS,849
0010K00001igdqXQAQ,850
0010K00001jNi0MQAS,851
0010K00001hC4ZWQA0,852
0012x000005SX9kAAG,853
0010K00001oer8aQAA,854
0010K0000242ptlQAA,855
0010K00001j7D33QAE,856
0010K000021UzSpQAK,857
0010K00002CQSAnQAP,858
0012x00000THVh5AAH,859
0010K00002420kJQAQ,860
0010K00001xiPf0QAE,861
0012800001aPOI0AAO,862
0012x000002ahp2AAA,863
0010K000020Iy1nQAC,864
0010K00001jqYErQAM,865
0010K000021VIf4QAG,866
0010K000028fXIXQA2,867
0012x00000RpqNFAAZ,868
0012800001SDU6DAAX,869
0010K00001eKho0QAC,870
0010K00002CPoIxQAL,871
0012x00000cKvwzAAC,872
0010K00001uG5S7QAK,873
0010K00001usbANQAY,874
0012800001VrImdAAF,875
0012x000008K24TAAS,876
0010K00001y9copQAA,877
0010K00001xhlxCQAQ,878
0012x00000G2CsbAAF,879
0012800001NDh2OAAT,880
0012800001GftVSAAZ,881
0012x00000WY42iAAD,882
0012x00000gAQUAAA4,883
0012x000002cfbLAAQ,884
0012x00000IMt36AAD,885
0012x00000KL7eJAAT,886
0012x00000WWlB7AAL,887
0010K00001yoZvsQAE,888
0010K00001ynJRiQAM,889
0012x00000LPmToAAL,890
0010K000028egNqQAI,891
0010K000029JPpTQAW,892
0010K000026Npu8QAC,893
0012x00000hYOEaAAO,894
0010K00001igOErQAM,895
0010K00002CO0QxQAL,896
0012x00000GakMdAAJ,897
0010K00001y9M9fQAE,898
0010K00001g6wPZQAY,899
0012800001IYgiYAAT,900
0012x00000Tt9UCAAZ,901
0012x00000hXkbyAAC,902
0010K000021WrbdQAC,903
0012x00000LQnDcAAL,904
0010K00001mEp6LQAS,905
0012x00000Gdq5lAAB,906
0012800001SDU2aAAH,907
0012x00000BJ3AmAAL,908
0012x00000LSNcgAAH,909
0012x00000WYi4GAAT,910
0012x000002aXdUAAU,911
0010K0000272MTjQAM,912
0012x000003De3GAAS,913
0012x00000LSVH4AAP,914
0012x00000FEwozAAD,915
0012x00000WtSrHAAV,916
0012x00000LSQMKAA5,917
0010K00001yofxUQAQ,918
0012x00000LQVwGAAX,919
0012800001SDTycAAH,920
0012x000002dYNkAAM,921
0012x000008KF5eAAG,922
0012x00000Mgav1AAB,923
0012800001IzzSaAAJ,924
0012800001SCqKJAA1,925
0010K000022MekGQAS,926
0010K00001u1aAQQAY,927
0010K000029HjqqQAC,928
0012800001SDUE1AAP,929
0010K00001fgevbQAA,930
0012800001ODX4FAAX,931
0012x00000cmQxcAAE,932
0010K00001gkKmyQAE,933
0010K000023On5UQAS,934
0012x00000Mj1dDAAR,935
0010K00001wGHPNQA4,936
0012x00000MiKL1AAN,937
0012x00000XCkpoAAD,938
0012x00000fmRWlAAM,939
0012x00000PwF6QAAV,940
0012x00000OK8rRAAT,941
0012x00000GbWEDAA3,942
0010K00002COnTVQA1,943
0010K000028ezw0QAA,944
0012x00000Mi4CpAAJ,945
0010K00001yokAKQAY,946
0010K00001dOlc2QAC,947
0010K00001odrOHQAY,948
0012x00000GegmdAAB,949
0010K00002ATeGzQAL,950
0012x00000Gc8qRAAR,951
0010K000027yifnQAA,952
0012x000003EuqrAAC,953
0010K000029JYAUQA4,954
0010K00001eJlS0QAK,955
0010K000020Gt5cQAC,956
0012x00000SI6lhAAD,957
0012x00000THXDuAAP,958
0012x00000IPaBdAAL,959
0010K00001utl8nQAA,960
0012x00000L2pbpAAB,961
0010K00001u0pljQAA,962
0012x00000gAK93AAG,963
0010K00001hTzwHQAS,964
0010K00001zGovkQAC,965
0012800001SDTxmAAH,966
0010K00001mEp4KQAS,967
0010K00001dS38MQAS,968
0012x00000BFu5mAAD,969
0012x000002d3rRAAQ,970
0012x00000THVEOAA5,971
0012800001SDT4eAAH,972
0010K00001mfv0DQAQ,973
0012x00000Gc3tEAAR,974
0012800001SCUwwAAH,975
0012x00000XO5zCAAT,976
0012x00000gpuHPAAY,977
0012x00000g7d7wAAA,978
0012x00000INqwoAAD,979
0012800001WagsMAAR,980
0012x00000GcvNLAAZ,981
0012x000002cnnUAAQ,982
0010K000026PiK8QAK,983
0012x00000ACd9vAAD,984
0012x00000XJggvAAD,985
0012x00000IN51eAAD,986
0010K00001rGP2sQAG,987
0012x00000KMt8fAAD,988
0010K000021VtQwQAK,989
0010K00001cx4ntQAA,990
0012x00000g8wOnAAI,991
0010K00001zFtGvQAK,992
0012x00000NwrGSAAZ,993
0010K00002739mZQAQ,994
0010K00001wUKuIQAW,995
0010K000020GMNRQA4,996
0010K00001yq05sQAA,997
0010K00001y9MtTQAU,998
0012x00000SI45aAAD,999
0012x00000OKC8wAAH,1000
0012x00000FGMhcAAH,1001
0012x00000G2ndBAAR,1002
0010K00001dO9CfQAK,1003
0010K00001ypTYNQA2,1004
0012800001SnIGLAA3,1005
0012x000002aTqQAAU,1006
0012x00000dzBr0AAE,1007
0012800001QCL0pAAH,1008
0010K00001qkWNeQAM,1009
0012x00000THpXPAA1,1010
0010K00001xj9ZxQAI,1011
0010K000023zuGeQAI,1012
0012x00000MiGz4AAF,1013
0012x00000OyahMAAR,1014
0012x00000NRXUsAAP,1015
0012800001VoX50AAF,1016
0012x00000Wpif6AAB,1017
0012x00000G0yPwAAJ,1018
0012x00000Tte6kAAB,1019
0012x00000c9AlXAAU,1020
0010K00001jPC8OQAW,1021
0012800001SDU7hAAH,1022
0012x00000c9Dv8AAE,1023
0010K00001eJh0xQAC,1024
0012x00000G2sEYAAZ,1025
0012x00000g9AHaAAM,1026
0012x00000IPkNBAA1,1027
0012x00000THSQiAAP,1028
0012x00000g8nYFAAY,1029
0012x00000bmiKGAAY,1030
0010K00001cPldEQAS,1031
0012x00000XAqS7AAL,1032
0012x000005TO9PAAW,1033
0012x00000g7wyPAAQ,1034
0010K00002APkRaQAL,1035
0010K00001bZdUZQA0,1036
0012x000002aRAbAAM,1037
0010K00001jPNmtQAG,1038
0012x00000MijCEAAZ,1039
0010K000020KC1eQAG,1040
0010K00001c9M3sQAE,1041
0010K000021FMw7QAG,1042
0012x00000TsnQEAAZ,1043
0012x00000G29qUAAR,1044
0012x00000fp5U2AAI,1045
0012x00000TJAHYAA5,1046
0012x00000fnHE1AAM,1047
0012x00000Tr4DJAAZ,1048
0010K00001sZIVoQAO,1049
0012800001SDTqoAAH,1050
0010K00001eYZemQAG,1051
0012800001IzG86AAF,1052
0012800001TSysQAAT,1053
0010K00001hTYXsQAO,1054
0012x00000NRXdkAAH,1055
0012x00000G1373AAB,1056
0012x00000GbpwvAAB,1057
0012800001NDh5kAAD,1058
0012x00000SFlWZAA1,1059
0012x00000VeufYAAR,1060
0012800001WKAmtAAH,1061
0012800001SDUKJAA5,1062
0010K00001st1YaQAI,1063
0010K00001xjaQHQAY,1064
0012x00000RqP9oAAF,1065
0012x00000VdXQnAAN,1066
0012x00000XO5ysAAD,1067
0012x00000Px0lMAAR,1068
0012x000002duyaAAA,1069
0012x000008IibHAAS,1070
0010K00001qkykHQAQ,1071
0010K00001sEQyGQAW,1072
0012x00000MinjxAAB,1073
0012x00000INnm9AAD,1074
0012x00000FGhTxAAL,1075
0012800001SDUF8AAP,1076
0010K000022Na91QAC,1077
0012x000004VBr4AAG,1078
0012x000003Dp7HAAS,1079
0010K000026N3l1QAC,1080
0012x00000TFJb9AAH,1081
0010K00001ebbpeQAA,1082
0010K00001zHR3RQAW,1083
0010K00001y9BIbQAM,1084
0012800001SBMdiAAH,1085
0010K00001vgM0IQAU,1086
0012x00000NxTmQAAV,1087
0012x00000RqTQuAAN,1088
0012x000002a8XfAAI,1089
0012x00000IOlQdAAL,1090
0012x00000IOlMLAA1,1091
0012x00000Ow52yAAB,1092
0012x00000WtN69AAF,1093
0012x00000BI7xfAAD,1094
0012800001SDU1SAAX,1095
0012x00000fltEkAAI,1096
0012800001NG9VeAAL,1097
0012800001SDTuRAAX,1098
0010K000021DBvAQAW,1099
0012800001IzG4iAAF,1100
0012x00000cLrzcAAC,1101
0012x000002dX50AAE,1102
0012800001SDU08AAH,1103
0010K000021VcGvQAK,1104
0012800001NHP6sAAH,1105
0012x00000INQ4yAAH,1106
0012x00000BIuIcAAL,1107
0010K000020KDwqQAG,1108
0010K000022k8L8QAI,1109
0012800001WbT1KAAV,1110
0010K0000241KfpQAE,1111
0012x00000SG0z4AAD,1112
0010K0000282WNtQAM,1113
0012x000002ayrVAAQ,1114
0012x00000VcrFoAAJ,1115
0012x00000GdKW5AAN,1116
0012x00000RrkBOAAZ,1117
0012800001SDU2dAAH,1118
0012x00000RqICRAA3,1119
0012x000004V8PIAA0,1120
0012x000003F2sZAAS,1121
0010K0000240CzwQAE,1122
0010K00001b1CVAQA2,1123
0010K00001mEhcyQAC,1124
0012x00000ddJSRAA2,1125
0012800001SDU7nAAH,1126
0010K00001ayjVWQAY,1127
0010K00001ayVHPQA2,1128
0012x00000LShyoAAD,1129
0010K00001igey3QAA,1130
0010K00001gkrGGQAY,1131
0010K00001vigSTQAY,1132
0010K00001oAWYTQA4,1133
0012x00000RqG2xAAF,1134
0010K00001cxOJsQAM,1135
0012x00000RryORAAZ,1136
0012x00000XO3xVAAT,1137
0012x00000c8l8jAAA,1138
0010K00001hDUmjQAG,1139
0012x00000L3RBvAAN,1140
0012x00000SIJFvAAP,1141
0012x00000GedLJAAZ,1142
0012x00000fmMZTAA2,1143
0012800001SDU1vAAH,1144
0012800001SDTC1AAP,1145
0012x000003Eo2ZAAS,1146
0012x00000TsYXWAA3,1147
0012x00000RqAgHAAV,1148
0012x00000XEo2tAAD,1149
0010K0000241uN9QAI,1150
0012x000003Dlm2AAC,1151
0012x00000XEGXnAAP,1152
0012x00000BIG8uAAH,1153
0012x00000NxU2OAAV,1154
0012x00000L39R1AAJ,1155
0012x00000SI2E6AAL,1156
0012x00000bmiSUAAY,1157
0010K00001rkk3ZQAQ,1158
0012x00000KMDS4AAP,1159
0010K00001sH4irQAC,1160
0012x00000XPuBFAA1,1161
0010K00001viDILQA2,1162
0012x000003ENOWAA4,1163
0012x00000NRtHBAA1,1164
0010K00001mhxxcQAA,1165
0012x00000FFSuWAAX,1166
0012800001SDUDMAA5,1167
0012x00000Oyv2mAAB,1168
0012x000002bP0PAAU,1169
0010K00001mgB8mQAE,1170
0010K00001qegjwQAA,1171
0012x00000MiBmVAAV,1172
0012x00000THFlqAAH,1173
0010K0000281OdeQAE,1174
0012x00000ha2hDAAQ,1175
0010K00001xink2QAA,1176
0010K00001y43tOQAQ,1177
0012x00000SHmnjAAD,1178
0010K00001hDTYDQA4,1179
0010K000022p8F4QAI,1180
0010K000027ylEIQAY,1181
0010K00001hW4IfQAK,1182
0012x00000g8BFIAA2,1183
0012800001SDTrGAAX,1184
0010K0000242mNcQAI,1185
0012x00000RrsuDAAR,1186
0012x00000LP6qTAAT,1187
0012800001SDTFPAA5,1188
0010K00001ezIKJQA2,1189
0010K00001b18ynQAA,1190
0012800001SDUFEAA5,1191
0012x00000INWj7AAH,1192
0012x00000WUuPQAA1,1193
0012800001SDUFXAA5,1194
0010K000025xirrQAA,1195
0012x000003ECnNAAW,1196
0012x00000IOQjjAAH,1197
0012x00000IOWQxAAP,1198
0012x00000BGfjTAAT,1199
0012x00000XOOGiAAP,1200
0010K00002BSLADQA5,1201
0010K00001yAEluQAG,1202
0012x00000IOF7QAAX,1203
0012x00000INYZvAAP,1204
0012x00000PwphGAAR,1205
0012x00000THAsTAAX,1206
0012x00000LOhr3AAD,1207
0012x00000IPQIZAA5,1208
0012x00000Gc62yAAB,1209
0010K00002BSsftQAD,1210
0012x00000MhhTQAAZ,1211
0012x00000cM5PIAA0,1212
0012x00000KLQDDAA5,1213
0012x000003CzbNAAS,1214
0012x00000c99lOAAQ,1215
0012800001SDUGqAAP,1216
0010K000020IWDHQA4,1217
0012x00000Gc0W1AAJ,1218
0012x00000OJyqmAAD,1219
0012x00000VgEYCAA3,1220
0010K00001xjDJGQA2,1221
0010K00001y2gvTQAQ,1222
0012x000002dYegAAE,1223
0012x00000ADsvsAAD,1224
0012x00000TtE38AAF,1225
0010K000029JZMVQA4,1226
0012x000002eHvaAAE,1227
0012x00000LRr3nAAD,1228
0012x00000KMi7bAAD,1229
0012800001EiVpWAAV,1230
0012800001LfHpVAAV,1231
0012x00000MgiI5AAJ,1232
0012x00000LSlgnAAD,1233
0012x00000GeKGYAA3,1234
0010K000021EWPRQA4,1235
0012x00000Oy4UKAAZ,1236
0012x00000Gd86eAAB,1237
0012x000002d9eeAAA,1238
0012x000003DkKPAA0,1239
0012x00000PwcoSAAR,1240
0012x00000Ve3Z8AAJ,1241
0010K00001j6v43QAA,1242
0012800001SDTytAAH,1243
0012x00000Rr9ANAAZ,1244
0010K00001rjfdjQAA,1245
0012x00000MiFF2AAN,1246
0012x000002e4tAAAQ,1247
0010K0000273UzpQAE,1248
0010K000028iP1JQAU,1249
0010K00001mFXemQAG,1250
0012x00000BHNG1AAP,1251
0012800001SDUJRAA5,1252
0012x00000INJFKAA5,1253
0012x00000KLcPxAAL,1254
0010K00001iKMxNQAW,1255
0012x000003Cez4AAC,1256
0012x00000IPlvoAAD,1257
0010K00001qlBNTQA2,1258
0012x00000RqZaaAAF,1259
0010K000029HEJqQAO,1260
0012x00000G14DjAAJ,1261
0012x000002aVhFAAU,1262
0012x00000RrvWVAAZ,1263
0010K00001tyXVCQA2,1264
0010K00002AR5rXQAT,1265
0010K00001uIdrIQAS,1266
0010K0000241AqMQAU,1267
0010K0000280Eh6QAE,1268
0012x00000GbfEXAAZ,1269
0012x000002cKfmAAE,1270
0010K00001iIXCRQA4,1271
0012x000002dTp3AAE,1272
0012x00000GbegjAAB,1273
0012x00000KLclKAAT,1274
0010K00001g9eOJQAY,1275
0012x00000IMAF3AAP,1276
0012x000003EC4SAAW,1277
0012x00000KMC0TAAX,1278
0010K00001vipggQAA,1279
0010K000021V9ssQAC,1280
0012x00000OK1iwAAD,1281
0012x00000bmg7aAAA,1282
0012x00000PwefQAAR,1283
0010K00001zeSQbQAM,1284
0010K00001zH0NBQA0,1285
0010K000026Pgz3QAC,1286
0010K00001cQo84QAC,1287
0012800001EkCTAAA3,1288
0012x00000BIL6HAAX,1289
0012x00000TrE7SAAV,1290
0012x00000IObCqAAL,1291
0010K00001y1ulQQAQ,1292
0012x00000SFiLtAAL,1293
0012x00000fmUbhAAE,1294
0012x00000WY4jaAAD,1295
0012x00000MiPLrAAN,1296
0012x00000GcKOkAAN,1297
0012x00000BGwFKAA1,1298
0010K00001jr3IkQAI,1299
0010K00002436ytQAA,1300
0012x00000SIT1SAAX,1301
0012x00000MiGIkAAN,1302
0012x000003F3EGAA0,1303
0012800001WZYybAAH,1304
0012x00000LRbBtAAL,1305
0012800001SDTuBAAX,1306
0010K0000274gLwQAI,1307
0010K00001doCz9QAE,1308
0012x00000LRr0jAAD,1309
0012x00000LQ1h4AAD,1310
0012x000003ESq0AAG,1311
0010K00001qHrZIQA0,1312
0010K000025xo0YQAQ,1313
0010K000023NYjRQAW,1314
0012x00000dc3Z5AAI,1315
0012x00000G2izgAAB,1316
0012x00000XOXo6AAH,1317
0012x00000OywTnAAJ,1318
0012x00000Tug4KAAR,1319
0012x00000TJJ9hAAH,1320
0012800001SDUHcAAP,1321
0010K00001y33zeQAA,1322
0010K000024363bQAA,1323
0012x00000Nxv95AAB,1324
0012x00000SI3TsAAL,1325
0012x00000OxFaSAAV,1326
0010K000023ztsKQAQ,1327
0012x00000XPbmYAAT,1328
0010K00001y98qcQAA,1329
0012x00000dx4CBAAY,1330
0012x00000GeZRHAA3,1331
0012x000005TOdaAAG,1332
0012800001SDTuHAAX,1333
0010K00001u1is7QAA,1334
0010K00001vhbkGQAQ,1335
0012800001aNw5SAAS,1336
0012x00000cx1cOAAQ,1337
0010K000023zTlzQAE,1338
0012x00000go5qNAAQ,1339
0012800001NDh3sAAD,1340
0010K00001gjN80QAE,1341
0010K00001jN1TCQA0,1342
0012x00000ckSc0AAE,1343
0010K00001vgKLkQAM,1344
0012x00000TucuvAAB,1345
0012x00000IORaOAAX,1346
0012x00000LQ6Q1AAL,1347
0012x00000SINVfAAP,1348
0012800001b1zl5AAA,1349
0012800001SDTs6AAH,1350
0012x00000GeXKiAAN,1351
0012x00000hYT2nAAG,1352
0010K00001j6V99QAE,1353
0010K00001zFa15QAC,1354
0012x00000Fz4m1AAB,1355
0010K000023zUJ8QAM,1356
0012x00000SHevMAAT,1357
0012x000002bFRZAA2,1358
0012x00000BFZc5AAH,1359
0012x00000NSItaAAH,1360
0010K00001suaa6QAA,1361
0012x00000LSA77AAH,1362
0010K00001op5nvQAA,1363
0012x000002bYQJAA2,1364
0012800001YGelqAAD,1365
0012x00000FGdDVAA1,1366
0012x00000RqPcMAAV,1367
0012x00000ciyw6AAA,1368
0012x000002cR9IAAU,1369
0010K00001jOB6cQAG,1370
0012x00000OKQ6CAAX,1371
0010K000028gPuBQAU,1372
0012x00000GapqxAAB,1373
0012x00000G10UOAAZ,1374
0012x00000OyU7FAAV,1375
0012x00000TtC8dAAF,1376
0012x00000RrFgJAAV,1377
0012x00000NxBIFAA3,1378
0012800001TSsYsAAL,1379
0010K00002CPhopQAD,1380
0012x00000cA2wNAAS,1381
0012x000003FE1IAAW,1382
0012x00000RrxiDAAR,1383
0012x00000TrcBTAAZ,1384
0010K00001oAWG5QAO,1385
0010K00001cOXFpQAO,1386
0012x00000LP92gAAD,1387
0012x00000TtHnjAAF,1388
0012800001SDUAkAAP,1389
0012x00000TtgsDAAR,1390
0012x00000IM5NXAA1,1391
0010K00001xku49QAA,1392
0012x00000Rre6TAAR,1393
0012x00000NwoYvAAJ,1394
0012x000003DkNEAA0,1395
0012x00000c9AobAAE,1396
0012x000002ba6BAAQ,1397
0012x00000Rptp2AAB,1398
0012x00000G1R43AAF,1399
0012x00000SG4MBAA1,1400
0012800001SDTuNAAX,1401
0010K00001bYTRxQAO,1402
0012x00000Ming5AAB,1403
0012x00000c9AJWAA2,1404
0010K00002APnUlQAL,1405
0012x00000ILuGUAA1,1406
0010K00001bZ7UkQAK,1407
0012x000005TJbaAAG,1408
0012x00000G2EXzAAN,1409
0012800001IzG58AAF,1410
0010K00001iHuvJQAS,1411
0010K00001g7iB1QAI,1412
0010K00001zeTYfQAM,1413
0012x00000Rr5FZAAZ,1414
0012x000005UHtnAAG,1415
0012x00000GbXZFAA3,1416
0012x00000VeJqVAAV,1417
0012x00000BFKtEAAX,1418
0012x00000bcTUFAA2,1419
0012x00000SIH02AAH,1420
0010K00001eGonQQAS,1421
0010K000026P3l1QAC,1422
0012x00000BH2iVAAT,1423
0010K000023ztbrQAA,1424
0012x000003ElIbAAK,1425
0012x00000GegLuAAJ,1426
0012x00000BJGMEAA5,1427
0012800001SDUFuAAP,1428
0012x00000MgJ3NAAV,1429
0012x00000Fz0RCAAZ,1430
0010K000021WnkiQAC,1431
0012x00000LPoAWAA1,1432
0010K000023zQwYQAU,1433
0012800001SDUIyAAP,1434
0012800001PUgvDAAT,1435
0012x00000WtF7hAAF,1436
0012x00000Gc7kTAAR,1437
0012x00000GcbSQAAZ,1438
0012x00000BIOUrAAP,1439
0012x00000OJ5FmAAL,1440
0012800001SDTzcAAH,1441
0012x00000gmeXMAAY,1442
0010K00002BTYZwQAP,1443
0010K00001eI5SvQAK,1444
0010K00002ATjZBQA1,1445
0010K00002BTa3kQAD,1446
0012x000003CAsWAAW,1447
0012x000003G1bVAAS,1448
0012x00000LPVl4AAH,1449
0010K00001sZHtpQAG,1450
0012800001MwUDDAA3,1451
0010K00001sDA23QAG,1452
0012x00000IMH9LAAX,1453
0012x000002a7zTAAQ,1454
0010K0000241bXGQAY,1455
0010K00001vHHGcQAO,1456
0010K00001wUqzBQAS,1457
0012800001HmolQAAR,1458
0012800001SDTziAAH,1459
0012x00000e0LL3AAM,1460
0012x00000BGS0pAAH,1461
0012x00000gpUkPAAU,1462
0012800001SDUBBAA5,1463
0012x000003jK6CAAU,1464
0012x000008KaISAA0,1465
0010K000028gl5FQAQ,1466
0012x00000SI8XRAA1,1467
0012x00000cmMReAAM,1468
0012x000005UIBeAAO,1469
0012x00000BHsuDAAT,1470
0012800001SDUFLAA5,1471
0012x00000BGALPAA5,1472
0012x00000BGSXyAAP,1473
0012x00000hX46uAAC,1474
0012x00000MgV7aAAF,1475
0012x00000OwD3fAAF,1476
0012x00000Gc8sDAAR,1477
0010K00001eKkw0QAC,1478
0012x00000SG4niAAD,1479
0012x000005SyIdAAK,1480
0010K000020HTl2QAG,1481
0012x00000BH3czAAD,1482
0012x00000IN84HAAT,1483
0012x000002bUE2AAM,1484
0010K00001swZbZQAU,1485
0010K00001y8ZmQQAU,1486
0012x00000GeqybAAB,1487
0012x00000MiiyBAAR,1488
0012x00000IPcvhAAD,1489
0012800001SDUCEAA5,1490
0012800001Sntu9AAB,1491
0010K00002BRbNuQAL,1492
0010K000029Gb8eQAC,1493
0010K00001gjv4qQAA,1494
0012x00000LSMJqAAP,1495
0010K000022NyyhQAC,1496
0012x00000IMLoBAAX,1497
0012x00000BFrPZAA1,1498
0012x00000BFNSEAA5,1499
0012x00000cvN9jAAE,1500
0010K000026Mh21QAC,1501
0012x00000d8nZKAAY,1502
0012x00000Gd5jMAAR,1503
0010K00001feGXqQAM,1504
0012x00000IOYBmAAP,1505
0010K00002ATsgpQAD,1506
0012x000008KQzvAAG,1507
0010K00002CNTTvQAP,1508
0012800001SDU6fAAH,1509
0010K000023NSjRQAW,1510
0010K00001dQJKGQA4,1511
0010K000020IT9FQAW,1512
0012x000004UzqRAAS,1513
0010K00001jN1NFQA0,1514
0012x00000WV06TAAT,1515
0012800001b1vDmAAI,1516
0012x00000SIQvZAAX,1517
0012x00000XMRPgAAP,1518
0012800001SDT9vAAH,1519
0012x00000ADs50AAD,1520
0010K000020JLD7QAO,1521
0012x00000SFsGhAAL,1522
0012x00000gA9ccAAC,1523
0012x00000ILmF5AAL,1524
0010K000028iCGMQA2,1525
0012800001QCqQJAA1,1526
0012x000003EkGYAA0,1527
0012x00000OvzjFAAR,1528
0010K000022orAeQAI,1529
0012800001SDUHaAAP,1530
0012x00000NRmigAAD,1531
0012800001Z60EZAAZ,1532
0012x00000AE9DvAAL,1533
0010K000025xdWpQAI,1534
0012x000004Tdc0AAC,1535
0012800001SDT7sAAH,1536
0012x000002aERrAAM,1537
0010K000022jygUQAQ,1538
0012x00000IPPJqAAP,1539
0012800001Zu1RaAAJ,1540
0010K00001uIl9qQAC,1541
0012x00000OJFHjAAP,1542
0012x00000BHCDjAAP,1543
0012x00000SFcvIAAT,1544
0012x00000Wq4e4AAB,1545
0012x00000KMG0VAAX,1546
0012x00000e0O0aAAE,1547
0012x00000ILlP4AAL,1548
0012x00000Gcrn0AAB,1549
0012x00000dBDhwAAG,1550
0012800001SDTJkAAP,1551
0012x00000LRJnAAAX,1552
0010K00001xhrFaQAI,1553
0010K000026NnkIQAS,1554
0012x00000IPiRlAAL,1555
0010K000020GLDCQA4,1556
0010K00001zUMC1QAO,1557
0012800001SDUChAAP,1558
0012x00000g9N9KAAU,1559
0012x000005TAAzAAO,1560
0012x00000OwZCjAAN,1561
0012x00000MiFPHAA3,1562
0012800001Jfni9AAB,1563
0010K00001xjBgOQAU,1564
0012x00000hZGpcAAG,1565
0010K00002CQg2AQAT,1566
0010K000022N5mWQAS,1567
0012x00000cwksMAAQ,1568
0012x00000cmLt8AAE,1569
0010K00001dPoM5QAK,1570
0012800001WKjD1AAL,1571
0012800001SmREKAA3,1572
0012x00000OvI3vAAF,1573
0012800001SDTENAA5,1574
0012x00000BIfR4AAL,1575
0010K00001xj8peQAA,1576
0010K00001wUVkJQAW,1577
0010K000020IT9eQAG,1578
0012x00000fpe18AAA,1579
0010K00001yq1ztQAA,1580
0012x00000GdrbTAAR,1581
0010K00001zHxXmQAK,1582
0010K000022NzpuQAC,1583
0010K00002COfLPQA1,1584
0012800001I18vwAAB,1585
0010K00001hDTStQAO,1586
0012x00000IPhELAA1,1587
0012x00000Ve7TjAAJ,1588
0012x000002bbxSAAQ,1589
0012800001YG4EmAAL,1590
0010K000028ewo6QAA,1591
0012x000003C8gKAAS,1592
0012x000002alWVAAY,1593
0010K0000260wz7QAA,1594
0010K000021WhciQAC,1595
0012800001SDUJrAAP,1596
0012x00000Oy2qDAAR,1597
0012x00000cKACFAA4,1598
0012x00000LSLOMAA5,1599
0012x00000VdZHjAAN,1600
0010K00001uJ2wpQAC,1601
0010K00001dRaGnQAK,1602
0012800001SDU99AAH,1603
0012x00000INbGgAAL,1604
0012x00000MgQ1pAAF,1605
0012x00000Oy1PNAAZ,1606
0012x00000BHrl3AAD,1607
0010K00001zHVlmQAG,1608
0012x00000cKtUeAAK,1609
0012800001UzpGSAAZ,1610
0012x00000g9tygAAA,1611
0012x000002cIdlAAE,1612
0012x00000IMvCMAA1,1613
0012x00000FFfBZAA1,1614
0012800001SDU5dAAH,1615
0012x00000cyooNAAQ,1616
0010K00001u06BoQAI,1617
0010K00001qjSKhQAM,1618
0010K00001o9TE1QAM,1619
0012800001SDU3eAAH,1620
0012800001JfYRhAAN,1621
0012x00000g7xxhAAA,1622
0010K00001y86KtQAI,1623
0012x00000GdLPaAAN,1624
0012800001SDUHWAA5,1625
0010K00001fdS9HQAU,1626
0012800001SDUG6AAP,1627
0012x00000LPvvrAAD,1628
0012x00000OKksdAAD,1629
0010K00001utYKNQA2,1630
0012x00000OxmLHAAZ,1631
0012x00000NSBPrAAP,1632
0012x00000TuTWCAA3,1633
0010K00001zUWr1QAG,1634
0010K000021Y1rWQAS,1635
0012x00000MhVRFAA3,1636
0012x00000Veiy0AAB,1637
0012x000003CISAAA4,1638
0010K00001g8UdtQAE,1639
0010K000022pFX7QAM,1640
0012x000002bHBdAAM,1641
0010K000022jOCAQA2,1642
0012800001SDU5xAAH,1643
0012x00000ADtDiAAL,1644
0010K00001xhWfHQAU,1645
0010K00002COOhvQAH,1646
0012x00000KKfC3AAL,1647
0012x00000IPRXkAAP,1648
0012x00000WsRA2AAN,1649
0010K000020HvEmQAK,1650
0010K000026PA0vQAG,1651
0012x00000XCbfAAAT,1652
0012x00000NxQv4AAF,1653
0010K00001y7b1LQAQ,1654
0012x00000LQBrxAAH,1655
0012800001b1NIZAA2,1656
0012x00000cvopfAAA,1657
0012800001QCBFXAA5,1658
0012x000002aC2pAAE,1659
0012800001SDUEFAA5,1660
0010K00001xj8EZQAY,1661
0012x00000IO2FfAAL,1662
0010K000027yiSUQAY,1663
0012x00000LPzxqAAD,1664
0012x00000SI4XmAAL,1665
0012x000002dWMZAA2,1666
0010K000022npfkQAA,1667
0010K00001sH4H7QAK,1668
0010K0000273YbzQAE,1669
0010K00001y7XIvQAM,1670
0012x00000Gc7ZBAAZ,1671
0012x00000VdzxXAAR,1672
0012x00000IPeGMAA1,1673
0010K000020HQ0JQAW,1674
0012x00000FGdVeAAL,1675
0010K000022pDGKQA2,1676
0012x000002e3pDAAQ,1677
0012800001SDTGkAAP,1678
0010K00001ymLDQQA2,1679
0010K00001jNm9CQAS,1680
0012800001SDTzrAAH,1681
0010K00001zUqPkQAK,1682
0010K0000241q83QAA,1683
0012x000003EThAAAW,1684
0012x00000TrgOJAAZ,1685
0010K00001oBjuMQAS,1686
0012x00000WsVEyAAN,1687
0010K000022j67UQAQ,1688
0010K00001swa9WQAQ,1689
0010K000023R8crQAC,1690
0012x00000Tu96CAAR,1691
0010K00002CPRlzQAH,1692
0012x00000NQuVnAAL,1693
0012x000008J0XmAAK,1694
0010K00001zHqt9QAC,1695
0010K00001wTs1oQAC,1696
0010K00001rkvZhQAI,1697
0010K00001zVf3QQAS,1698
0012x000004VHKjAAO,1699
0010K00001y9cxDQAQ,1700
0012x00000GejOGAAZ,1701
0012x00000Gb72YAAR,1702
0010K00001uJ43HQAS,1703
0010K000026Mm6WQAS,1704
0010K00001rmxT4QAI,1705
0010K0000274haGQAQ,1706
0012800001VofatAAB,1707
0012x000003Et2QAAS,1708
0012x00000TJFDWAA5,1709
0012x00000TtbFSAAZ,1710
0012x00000NQrRxAAL,1711
0012800001ZeNDEAA3,1712
0012x000003EBW3AAO,1713
0010K000023ObotQAC,1714
0010K00002CO2GKQA1,1715
0012x00000LOhVLAA1,1716
0010K000021FKBXQA4,1717
0010K000028i00CQAQ,1718
0012x00000XQBKRAA5,1719
0012800001SDU8GAAX,1720
0012x00000IN2g3AAD,1721
0010K0000242z6nQAA,1722
0012x00000IMAuXAAX,1723
0010K00001bZ5D6QAK,1724
0012x000005UUvqAAG,1725
0010K00001wCbQwQAK,1726
0010K0000242csQQAQ,1727
0012x00000PwJqpAAF,1728
0010K00001uqhIlQAI,1729
0010K00001sbneeQAA,1730
0010K00001rlgzzQAA,1731
0012x00000TsuueAAB,1732
0012x00000Tt3vhAAB,1733
0010K000028glJ1QAI,1734
0010K00001mD0c7QAC,1735
0012x00000Mh9v2AAB,1736
0012800001OCAbPAAX,1737
0012x00000SIJZ2AAP,1738
0010K00002CP2NJQA1,1739
0012x00000XOY6cAAH,1740
0012800001SDU2jAAH,1741
0012x00000G2qQ6AAJ,1742
0012x00000Ge0FQAAZ,1743
0010K00001jrKQBQA2,1744
0010K000020JNDjQAO,1745
0010K000027z9WPQAY,1746
0012x00000TurDkAAJ,1747
0012x00000Rqg6ZAAR,1748
0012800001SDU2CAAX,1749
0012x00000OvyDEAAZ,1750
0010K00001c7lNjQAI,1751
0012x00000FEx28AAD,1752
0012x00000ADbSpAAL,1753
0012x00000WVMSNAA5,1754
0010K00001jMpSwQAK,1755
0012x00000g9zewAAA,1756
0012x00000GdzhEAAR,1757
0010K000022NRQUQA4,1758
0012800001IZg5LAAT,1759
0012800001IzG8QAAV,1760
0010K0000241NNsQAM,1761
0010K000023NVC3QAO,1762
0012x000002bNJGAA2,1763
0010K00002805chQAA,1764
0012x00000SI4XwAAL,1765
0012800001SoseQAAR,1766
0012x00000RrU7dAAF,1767
0012x000003CekOAAS,1768
0012x00000SI4z2AAD,1769
0010K00001iICEgQAO,1770
0010K00002ATs43QAD,1771
0010K000022NmugQAC,1772
0010K000021UpzSQAS,1773
0012x00000LSABJAA5,1774
0012800001SDTzuAAH,1775
0012800001ZdruzAAB,1776
0012x00000RqLjwAAF,1777
0012800001NDgzdAAD,1778
0012x000003EIeqAAG,1779
0012x00000RrOgyAAF,1780
0010K00001g8P0eQAE,1781
0012x00000IO3ihAAD,1782
0012800001SDU9yAAH,1783
0012x00000IN43KAAT,1784
0012x00000PwXT1AAN,1785
0012800001SDUE7AAP,1786
0012800001aO0oBAAS,1787
0012x000005Tc8YAAS,1788
0012x00000cKx4VAAS,1789
0010K00001mEbWgQAK,1790
0012x00000OKsx0AAD,1791
0010K00001sv3EkQAI,1792
0012x00000L2xwZAAR,1793
0010K00001svx3LQAQ,1794
0012x00000TrOz2AAF,1795
0010K000023zsbXQAQ,1796
0012800001SlSG2AAN,1797
0010K00001hDURCQA4,1798
0010K000029HSUdQAO,1799
0010K00001dR058QAC,1800
0010K00001zFfubQAC,1801
0012800001SDU3pAAH,1802
0010K000028fr0KQAQ,1803
0012800001SDULMAA5,1804
0012x00000G1RRyAAN,1805
0010K00001zW8qsQAC,1806
0010K00001bZ4yRQAS,1807
0012x00000Ge1jdAAB,1808
0010K00001xOI1FQAW,1809
0012x00000Ge3FLAAZ,1810
0010K000021UzWSQA0,1811
0012x000002bOOuAAM,1812
0010K00001gllQRQAY,1813
0012800001SDT4NAAX,1814
0012x00000TGzmfAAD,1815
0012x00000Gb6lxAAB,1816
0012x00000LQIoyAAH,1817
0010K000023QMycQAG,1818
0012x00000Ve5VFAAZ,1819
0010K00002CPvPrQAL,1820
0012x00000Vfg4wAAB,1821
0010K00002806fyQAA,1822
0012x00000cALQnAAO,1823
0012800001LhEj1AAF,1824
0012800001HnDbxAAF,1825
0012x000002cEYJAA2,1826
0012x00000BIWPsAAP,1827
0012x00000GaldGAAR,1828
0012x000002asRpAAI,1829
0012x00000TupicAAB,1830
0010K00001dnxN6QAI,1831
0012x000003CMWeAAO,1832
0012x000002d84aAAA,1833
0010K000022NMKSQA4,1834
0012x00000OwXoGAAV,1835
0010K00001eXkuPQAS,1836
0010K00001uHIiaQAG,1837
0012x00000SHc15AAD,1838
0010K00001jpbGRQAY,1839
0010K0000240mJZQAY,1840
0012x00000IM5QpAAL,1841
0012x00000BHQflAAH,1842
0012x00000Wt4PKAAZ,1843
0010K00002801AaQAI,1844
0010K00001c9KtoQAE,1845
0010K00001cwiyVQAQ,1846
0012x00000Rrc6fAAB,1847
0012x000003EKYkAAO,1848
0012800001SDTGwAAP,1849
0012x00000XDZYXAA5,1850
0012x00000G1U4oAAF,1851
0012800001SDU9lAAH,1852
0012x00000bnUOkAAM,1853
0010K00001sFQvoQAG,1854
0010K000021W0b7QAC,1855
0012x00000WrRuGAAV,1856
0010K00001xjvpfQAA,1857
0012x00000GbSjAAAV,1858
0010K0000241wVAQAY,1859
0012x00000LRXRKAA5,1860
0010K00001jLiLnQAK,1861
0010K00001jpwjAQAQ,1862
0010K000021FNjEQAW,1863
0012x00000INwx6AAD,1864
0012x00000INlFHAA1,1865
0012x00000fluBWAAY,1866
0012x00000GbPTpAAN,1867
0010K00001dppcsQAA,1868
0012x00000MgP3PAAV,1869
0010K00001uFnvpQAC,1870
0010K00001hTxeSQAS,1871
0012x00000cKXugAAG,1872
0012x000002e4TRAAY,1873
0012x00000OKaKnAAL,1874
0012x00000hYyliAAC,1875
0012x00000Geh35AAB,1876
0012x00000IMqxQAAT,1877
0012800001IxkFNAAZ,1878
0012x00000dboa3AAA,1879
0012x00000XOj5qAAD,1880
0010K0000240NcPQAU,1881
0012x00000MhlgmAAB,1882
0012x000003CmnZAAS,1883
0012x00000KMN7uAAH,1884
0010K00001eZElzQAG,1885
0010K00002BRMt1QAH,1886
0012800001SDU4YAAX,1887
0010K00001gtZNlQAM,1888
0010K000021UnkcQAC,1889
0012x00000THcyvAAD,1890
0010K000021X6M5QAK,1891
0012x00000MjcTPAAZ,1892
0010K000027ytWlQAI,1893
0012x00000d8JWDAA2,1894
0012x00000SI41iAAD,1895
0010K00002ATs6sQAD,1896
0012x00000OwehMAAR,1897
0010K0000260MIYQA2,1898
0012800001SDUCbAAP,1899
0012x00000KMfA8AAL,1900
0010K0000260L9VQAU,1901
0010K0000243AncQAE,1902
0010K00002CQUsZQAX,1903
0012800001ZrwOhAAJ,1904
0012x00000GeI8eAAF,1905
0012x000003FvKIAA0,1906
0012x00000MhRQTAA3,1907
0012x00000dzD6LAAU,1908
0010K000021DCvaQAG,1909
0012x00000L2tY5AAJ,1910
0012x00000Nu9IIAAZ,1911
0010K00002AS7zWQAT,1912
0010K000027ynroQAA,1913
0012800001QEaWcAAL,1914
0012x000003EknwAAC,1915
0012x000002cz8UAAQ,1916
0012x00000OxjWVAAZ,1917
0010K000020HQ04QAG,1918
0012x00000cLdZNAA0,1919
0010K000022or3YQAQ,1920
0012x00000LPkf9AAD,1921
0012x00000Gd5kUAAR,1922
0010K000028ezhQQAQ,1923
0010K00001mhcrOQAQ,1924
0012x00000GbuzTAAR,1925
0010K00001xk65MQAQ,1926
0012800001JfYpEAAV,1927
0012800001SDUBFAA5,1928
0010K000021F1BjQAK,1929
0012x000008I1MoAAK,1930
0012x00000deXebAAE,1931
0010K000020JnclQAC,1932
0012800001OjWJYAA3,1933
0012x00000TrKWZAA3,1934
0012x00000MimBXAAZ,1935
0010K00001eb1hfQAA,1936
0012x00000XDlw9AAD,1937
0012x000002azXCAAY,1938
0012x00000NSF41AAH,1939
0010K00001uGTVCQA4,1940
0012x00000Tu0PRAAZ,1941
0012x00000G1ILsAAN,1942
0012x00000dc40wAAA,1943
0012x00000MiXhzAAF,1944
0012800001MsYxMAAV,1945
0012x000002aH0YAAU,1946
0012800001OjZ6UAAV,1947
0012800001SDUKyAAP,1948
0012x00000XCXNaAAP,1949
0010K00001qlWhaQAE,1950
0012800001Zs6BrAAJ,1951
0012x00000SIShiAAH,1952
0012x000008I3fiAAC,1953
0012800001SDTyxAAH,1954
0012x00000RrcTuAAJ,1955
0012x00000TuTVxAAN,1956
0012x00000Rpra8AAB,1957
0012x00000OxnfWAAR,1958
0010K00001ymDDNQA2,1959
0010K000022NlVQQA0,1960
0010K0000241i3OQAQ,1961
0010K00001hVJsFQAW,1962
0012x00000OKaemAAD,1963
0012800001SDUJkAAP,1964
0010K00001qHuaEQAS,1965
0012x00000TrPutAAF,1966
0010K00001xj6aTQAQ,1967
0012x00000SFnq4AAD,1968
0012x00000SFi3JAAT,1969
0012800001ZtS6TAAV,1970
0012x00000fmRDTAA2,1971
0012x000003DopwAAC,1972
0012x00000GdbieAAB,1973
0012800001SDUCHAA5,1974
0012x00000Geg6LAAR,1975
0012x000002ay0RAAQ,1976
0010K00001qHq8cQAC,1977
0012x00000GdTrDAAV,1978
0010K00001j6pyPQAQ,1979
0012x00000MgfJbAAJ,1980
0012x00000BGPI2AAP,1981
0010K000028hZGkQAM,1982
0012800001SDUEkAAP,1983
0010K000026MI0PQAW,1984
0010K000020I0WFQA0,1985
0012800001SDULXAA5,1986
0010K00002AQeJOQA1,1987
0012x000008JWYhAAO,1988
0010K00002BRcnOQAT,1989
0012x00000THDhrAAH,1990
0010K00001sEVJ3QAO,1991
0012x00000BFKmSAAX,1992
0010K00001xOmzyQAC,1993
0012x00000GeoODAAZ,1994
0010K0000241bj7QAA,1995
0010K00001do4tlQAA,1996
0012x00000BHQFCAA5,1997
0010K000029JM1ZQAW,1998
0012x00000OydESAAZ,1999
0012x000003EyOHAA0,2000
0010K00001buKwNQAU,2001
0010K000021DNiXQAW,2002
0012x00000VcnZKAAZ,2003
0010K0000240LVmQAM,2004
0010K000020HuqQQAS,2005
0012x00000gow3lAAA,2006
0012x00000WqsJmAAJ,2007
0010K00001ypA6qQAE,2008
0012x00000GdzGxAAJ,2009
0012x000003EFXbAAO,2010
0010K0000240SBUQA2,2011
0010K00001iJhjWQAS,2012
0012x00000G2k7MAAR,2013
0012x00000IPevKAAT,2014
0010K00001wTs4JQAS,2015
0010K00001hDuteQAC,2016
0012x00000XDdb6AAD,2017
0012x00000LPcClAAL,2018
0012x00000NQpVxAAL,2019
0010K00002COEtKQAX,2020
0010K00002421raQAA,2021
0012x00000fogBHAAY,2022
0012x00000IOFVtAAP,2023
0010K00001eXuFoQAK,2024
0012x000003CLCdAAO,2025
0010K0000274UckQAE,2026
0012800001SDUAhAAP,2027
0012800001IzGAOAA3,2028
0012x00000KMaRGAA1,2029
0010K000023RSJzQAO,2030
0012800001SDTuLAAX,2031
0012800001SDUBQAA5,2032
0010K000023OJhNQAW,2033
0012x00000dAZ8KAAW,2034
0010K00002BU4fZQAT,2035
0012x00000GdPBGAA3,2036
0012x00000GbfkZAAR,2037
0012x000003FbWKAA0,2038
0012x00000LQXWoAAP,2039
0012x00000IOk1xAAD,2040
0010K000022is1SQAQ,2041
0012x000003F8pHAAS,2042
0010K00001viSZAQA2,2043
0012x000003CLB1AAO,2044
0010K00001cAXHUQA4,2045
0012x00000LQZPtAAP,2046
0010K000021UzaoQAC,2047
0012x00000NxFbVAAV,2048
0012x00000MhR7YAAV,2049
0012x00000Oyt5oAAB,2050
0012x00000BHr8HAAT,2051
0012x00000GeBD7AAN,2052
0012x00000NQuxLAAT,2053
0010K00001dREnSQAW,2054
0012x00000LQ1U5AAL,2055
0012x000003CfGZAA0,2056
0010K00002A95qWQAR,2057
0012x00000XOZrLAAX,2058
0012800001YGdcWAAT,2059
0012x00000NRVufAAH,2060
0012x00000RqO8IAAV,2061
0012x00000Rq6SDAAZ,2062
0012800001SDTuhAAH,2063
0012x000002e6aoAAA,2064
0010K000021FKWQQA4,2065
0010K00001jsXUyQAM,2066
0012x00000SG4VBAA1,2067
0012x00000RrSB6AAN,2068
0012x00000INSeOAAX,2069
0012x00000GdP83AAF,2070
0012800001Z5quwAAB,2071
0010K000025xhk4QAA,2072
0010K000021Y2A8QAK,2073
0012x000003EvgaAAC,2074
0010K00001cNMz9QAG,2075
0012x00000BFtvDAAT,2076
0012x00000Mj4OcAAJ,2077
0010K000020HOAiQAO,2078
0012x00000ILqKkAAL,2079
0012x00000LRqF4AAL,2080
0012x00000NxFOPAA3,2081
0012800001SDU8ZAAX,2082
0010K000027zj4PQAQ,2083
0012x00000G2n5mAAB,2084
0010K000023QtMaQAK,2085
0012800001IzG4QAAV,2086
0012x000004TbjTAAS,2087
0010K000029Hf7OQAS,2088
0010K000020K1jUQAS,2089
0010K000029H14BQAS,2090
0010K00001zW59dQAC,2091
0012x00000SHbcxAAD,2092
0010K00001y9OTDQA2,2093
0012x00000G1yBdAAJ,2094
0010K00001eajAVQAY,2095
0010K000028ggjiQAA,2096
0012x00000MiqlxAAB,2097
0010K00001mgsWVQAY,2098
0012x00000fp7UOAAY,2099
0010K000023NmY9QAK,2100
0012x00000PwbdIAAR,2101
0012x00000iHpCKAA0,2102
0010K000027z98YQAQ,2103
0010K0000240y3CQAQ,2104
0010K00001xP2ZqQAK,2105
0012800001IxpIFAAZ,2106
0012x00000TJAZGAA5,2107
0012x00000XQ39sAAD,2108
0012800001SDU3YAAX,2109
0012x00000GbusHAAR,2110
0012x00000iGw5TAAS,2111
0010K00002BRs3tQAD,2112
0012800001VpJeZAAV,2113
0012x000002dmMzAAI,2114
0012x00000GdQCaAAN,2115
0010K00001zFn2QQAS,2116
0010K000021WrYyQAK,2117
0010K00001rlQz7QAE,2118
0010K00001hDrkUQAS,2119
0012800001LfIOkAAN,2120
0012x000004UUqsAAG,2121
0012x00000WYOEmAAP,2122
0012x00000SIDYKAA5,2123
0012x00000KMo3LAAT,2124
0010K000022jKEaQAM,2125
0010K000021Vul1QAC,2126
0012x00000OvIZ8AAN,2127
0010K000022jjHBQAY,2128
0010K000022N5J0QAK,2129
0012800001SDUJ3AAP,2130
0010K00001rmMoEQAU,2131
0012x00000INkvqAAD,2132
0012x00000gpxx3AAA,2133
0012x00000RqCdYAAV,2134
0010K000029JQIfQAO,2135
0012800001WKjDBAA1,2136
0012800001SDSw2AAH,2137
0012x00000SG79eAAD,2138
0010K00001g8NVIQA2,2139
0012x00000Tra5OAAR,2140
0012x00000Gdyl9AAB,2141
0012800001GhUGsAAN,2142
0012x00000VdmDRAAZ,2143
0012x000002bZOiAAM,2144
0010K000023OqQFQA0,2145
0012x00000LPWkUAAX,2146
0012x00000MjLg6AAF,2147
0012800001SDUCjAAP,2148
0012800001SDU0WAAX,2149
0010K00002BRrRJQA1,2150
0010K000020GfUYQA0,2151
0012800001YGwPKAA1,2152
0010K00001vf1lsQAA,2153
0012x00000NRTIVAA5,2154
0012x00000BHBltAAH,2155
0012x000003EZFIAA4,2156
0012x00000BG2qZAAT,2157
0012x00000GbXVCAA3,2158
0012800001Eh8vVAAR,2159
0010K00002BS8gIQAT,2160
0012800001SDU83AAH,2161
0010K00001mh7Y1QAI,2162
0012x00000SI0tqAAD,2163
0010K00002COcPRQA1,2164
0010K00001y8lGAQAY,2165
0010K000021XJduQAG,2166
0010K000022Oyq9QAC,2167
0010K000022OKutQAG,2168
0012x00000Ve6ljAAB,2169
0012x00000e0KrGAAU,2170
0012x00000BJ7v2AAD,2171
0010K00002ARJFoQAP,2172
0012x00000OLBKQAA5,2173
0010K00001eJebMQAS,2174
0010K00001rlJTOQA2,2175
0012x000002chqfAAA,2176
0012x00000WqGhXAAV,2177
0012800001HkGQCAA3,2178
0010K00002BRCZNQA5,2179
0012800001SDU9EAAX,2180
0010K0000240KrvQAE,2181
0010K000020JqERQA0,2182
0012x00000LPwn5AAD,2183
0012x00000RqIVuAAN,2184
0010K00001uttcQQAQ,2185
0012x00000INSM0AAP,2186
0010K00001gA9ThQAK,2187
0012800001SDUJhAAP,2188
0010K00001xOkg0QAC,2189
0012x000003CfoZAAS,2190
0012x00000GdU47AAF,2191
0012x00000NQr0aAAD,2192
0012x000004V7atAAC,2193
0012x00000TtrD2AAJ,2194
0010K00001eHCH9QAO,2195
0012800001IzGCqAAN,2196
0012800001YFNWWAA5,2197
0012x00000cKw95AAC,2198
0012x00000MhDnIAAV,2199
0012800001SCo39AAD,2200
0012800001SDUJgAAP,2201
0010K00001ty7chQAA,2202
0012x00000RrlXRAAZ,2203
0012800001SDU74AAH,2204
0012x00000Vce6EAAR,2205
0010K00001btqtsQAA,2206
0010K00001y28fsQAA,2207
0012x00000MiK3CAAV,2208
0012x00000GcaeuAAB,2209
0010K00002ARQafQAH,2210
0012x00000OyiTdAAJ,2211
0010K00002CQRsUQAX,2212
0012x00000SIToyAAH,2213
0012x00000BGTN1AAP,2214
0010K00001xNJwtQAG,2215
0012x00000LQyjmAAD,2216
0012x00000OxxhmAAB,2217
0012x00000OKP0wAAH,2218
0012800001SDU44AAH,2219
0010K00001qIR34QAG,2220
0010K000023NWslQAG,2221
0010K000021W0JjQAK,2222
0012x00000LPcfbAAD,2223
0010K00001hUDtrQAG,2224
0012800001SDUI2AAP,2225
0012x00000G0gdHAAR,2226
0012x00000LPqS8AAL,2227
0012800001SDTxtAAH,2228
0012x00000Vf218AAB,2229
0012x00000ILogBAAT,2230
0012800001WaIKkAAN,2231
0012x000002dYSLAA2,2232
0012x00000LQBS9AAP,2233
0010K00001g6y4OQAQ,2234
0010K00001ifvY6QAI,2235
0010K00002CO0XtQAL,2236
0012x000002aHQEAA2,2237
0012x000002cHwKAAU,2238
0012x00000cw7adAAA,2239
0012x000008JacuAAC,2240
0012x00000SG1XUAA1,2241
0012x00000NS8w8AAD,2242
0010K00001hTffuQAC,2243
0010K00001ffFyJQAU,2244
0012x00000KMvy7AAD,2245
0012x00000BGCCsAAP,2246
0012x00000bmfbfAAA,2247
0010K00001ifzEpQAI,2248
0012800001SDUFgAAP,2249
0012x000002d6eHAAQ,2250
0012x00000SFIMNAA5,2251
0012x00000WrQC5AAN,2252
0012x00000FGYiDAAX,2253
0012x000003EHpEAAW,2254
0012x00000SHZ6fAAH,2255
0010K000020IjSIQA0,2256
0012x00000OvqvOAAR,2257
0012x000002dQMcAAM,2258
0012800001SDTwBAAX,2259
0012x000008IuazAAC,2260
0010K000023RKqJQAW,2261
0012x00000G2pqSAAR,2262
0012x00000XOX1fAAH,2263
0010K00001y85whQAA,2264
0012800001SDUHqAAP,2265
0010K000020ITgIQAW,2266
0010K00001mfphcQAA,2267
0012x000003F3omAAC,2268
0012x00000TrHosAAF,2269
0012x000002dLc7AAE,2270
0012x00000FFf1AAAT,2271
0010K00001jMlHBQA0,2272
0010K00001hCaqzQAC,2273
0012800001IzG8kAAF,2274
0012x00000MjfjyAAB,2275
0010K00001doTFnQAM,2276
0012x00000TuRo6AAF,2277
0012x000008KNlwAAG,2278
0012x00000TtKGMAA3,2279
0010K00001zVgCfQAK,2280
0012x00000cwqRkAAI,2281
0010K000021WDCkQAO,2282
0012800001ZtmT2AAJ,2283
0010K00001xP7c1QAC,2284
0012x000003DoJRAA0,2285
0012x00000G13NkAAJ,2286
0012x000003EiaRAAS,2287
0010K00001c92vVQAQ,2288
0012x00000SG7tiAAD,2289
0012x00000fmJZgAAM,2290
0012800001SDTvUAAX,2291
0012x00000GdiqcAAB,2292
0010K00002CP7vEQAT,2293
0012x00000df6QtAAI,2294
0012x000008JaPHAA0,2295
0012x00000THL6tAAH,2296
0012x00000MijSKAAZ,2297
0012800001SDUBJAA5,2298
0010K000028hcM7QAI,2299
0012800001WZBu6AAH,2300
0012x000003CDdNAAW,2301
0010K00002APkfpQAD,2302
0012x00000NwriRAAR,2303
0012800001SDlbkAAD,2304
0012x00000AD91uAAD,2305
0012x00000Mhca7AAB,2306
0012800001SDU6MAAX,2307
0012x00000GdiMIAAZ,2308
0012x00000PwwioAAB,2309
0012800001LfG74AAF,2310
0012x00000MiiVYAAZ,2311
0010K00001zJ0KaQAK,2312
0012x00000SI1lTAAT,2313
0012x00000ADz9xAAD,2314
0012x00000FFWgeAAH,2315
0010K00002CNX97QAH,2316
0012800001NHIlhAAH,2317
0010K000026MHR5QAO,2318
0010K00001xj9ysQAA,2319
0010K00001xkF8SQAU,2320
0012x00000FGeO1AAL,2321
0012x00000INC8zAAH,2322
0012800001SDUKGAA5,2323
0010K00002COyLQQA1,2324
0012x00000NQo96AAD,2325
0010K00001ifvlUQAQ,2326
0012x00000Tra4BAAR,2327
0012x00000BHRsdAAH,2328
0012x000002aDQTAA2,2329
0012x000002aNk4AAE,2330
0010K000022MmGNQA0,2331
0010K00001usXNwQAM,2332
0010K00001dOzgnQAC,2333
0012x00000OwDqNAAV,2334
0012x00000Oym0pAAB,2335
0012x00000FGIgtAAH,2336
0010K0000240PnTQAU,2337
0010K000026NsGVQA0,2338
0012x00000L3F3rAAF,2339
0012x00000gnAloAAE,2340
0010K00001qkvuSQAQ,2341
0012800001I3w2jAAB,2342
0010K000026MZ1jQAG,2343
0010K000023QBhYQAW,2344
0012x00000BGyjqAAD,2345
0012x00000Px9DJAAZ,2346
0012x000002dTaNAAU,2347
0012800001EkAf1AAF,2348
0010K00001iSWa0QAG,2349
0010K00001eYYisQAG,2350
0010K00001hVsN3QAK,2351
0010K0000241K31QAE,2352
0012x00000Rq6IdAAJ,2353
0012x00000VdTqTAAV,2354
0010K000021XzUfQAK,2355
0012x000002bIrEAAU,2356
0012x00000TrSDiAAN,2357
0012x000003EFbEAAW,2358
0010K00001hCCeQQAW,2359
0010K00001y555ZQAQ,2360
0012x00000G2hSvAAJ,2361
0010K000022MgkgQAC,2362
0012x00000TtPVZAA3,2363
0012x000002aJ2wAAE,2364
0010K00001opCDJQA2,2365
0012x00000RrHddAAF,2366
0010K00001cyHTuQAM,2367
0012x000008Ki6VAAS,2368
0012800001Wc01ZAAR,2369
0010K00002BTNVJQA5,2370
0012x00000LP92bAAD,2371
0012x000003F6loAAC,2372
0010K000028fOEzQAM,2373
0012x00000OKugDAAT,2374
0012x00000dcta5AAA,2375
0012x00000fmV8iAAE,2376
0012x00000BGiRMAA1,2377
0012x00000XKdcGAAT,2378
0012x00000Gecq7AAB,2379
0012800001SDTHFAA5,2380
0012x00000SFhXkAAL,2381
0012x00000MiPsgAAF,2382
0012x00000RqPgEAAV,2383
0012x00000XE2kcAAD,2384
0010K0000281ncyQAA,2385
0012x00000TtbovAAB,2386
0012x00000dC1OiAAK,2387
0012x00000RrXCuAAN,2388
0012x00000Oyr8pAAB,2389
0012x000003EG7rAAG,2390
0012x000004VCCLAA4,2391
0010K00001rIosOQAS,2392
0010K00001ogEgvQAE,2393
0012x00000LRRBdAAP,2394
0010K00002BRNa3QAH,2395
0012x00000LPTWbAAP,2396
0010K00001ze5fNQAQ,2397
0012800001SDTJKAA5,2398
0012x00000TulviAAB,2399
0012x000003C93dAAC,2400
0012800001SDTAhAAP,2401
0012x00000GdLTIAA3,2402
0010K000022j5CiQAI,2403
0012800001QCEysAAH,2404
0012x00000TH6i1AAD,2405
0012800001SDTznAAH,2406
0012x00000OKs4UAAT,2407
0012800001YJ4aEAAT,2408
0012x00000BIzU7AAL,2409
0012x00000Ttnp9AAB,2410
0012800001SDTAuAAP,2411
0010K00001hUZeYQAW,2412
0012x00000TuuprAAB,2413
0010K000020IlIIQA0,2414
0012800001SDULdAAP,2415
0012x00000OvEaHAAV,2416
0010K00001c6bXzQAI,2417
0012x00000IM9LEAA1,2418
0012800001IzGArAAN,2419
0010K00001exDWJQA2,2420
0012x00000TtHOWAA3,2421
0010K00001qljveQAA,2422
0012800001LfLRRAA3,2423
0010K000023NSo2QAG,2424
0012x00000bmvQGAAY,2425
0010K000027ziExQAI,2426
0012x00000bnUzmAAE,2427
0012x00000Ge2yUAAR,2428
0010K00001hTZdDQAW,2429
0010K00001sZqQZQA0,2430
0012x00000THaYUAA1,2431
0012x00000AAP8pAAH,2432
0010K000022PbJTQA0,2433
0010K00001vfLXLQA2,2434
0012x00000TrZnDAAV,2435
0012x00000IOdf2AAD,2436
0010K000020HQ70QAG,2437
0012800001Ok6dJAAR,2438
0012x00000RrgaMAAR,2439
0012x000002bQqGAAU,2440
0012x00000cmaFuAAI,2441
0012x000003E9qvAAC,2442
0012x00000IM9NoAAL,2443
0012x000003DznTAAS,2444
0010K00001zIknSQAS,2445
0012x00000Vf0HoAAJ,2446
0012800001YHTCaAAP,2447
0012x00000G2kRlAAJ,2448
0012x00000BGcGdAAL,2449
0012x00000GcFB3AAN,2450
0012x00000Nxc6CAAR,2451
0012x00000cx096AAA,2452
0012x00000OJ291AAD,2453
0012800001SDU8dAAH,2454
0010K000029JYkeQAG,2455
0012800001SDU46AAH,2456
0012x00000bcnqpAAA,2457
0012x000003CWNVAA4,2458
0012x00000BFelXAAT,2459
0010K0000282rlZQAQ,2460
0012x00000KM9LnAAL,2461
0012x00000SG1QDAA1,2462
0012x00000IPkylAAD,2463
0010K00001qjwMWQAY,2464
0012x00000Mh2OIAAZ,2465
0012x00000OJL5cAAH,2466
0012x00000XLuy0AAD,2467
0012x00000XCYhcAAH,2468
0012x00000OL3rjAAD,2469
0012x000002b1COAAY,2470
0010K00001u2Fw0QAE,2471
0010K000021UrcsQAC,2472
0012800001SDTvOAAX,2473
0012x00000SHoYsAAL,2474
0012800001SDU1QAAX,2475
0010K000020H3tkQAC,2476
0012800001SDTwTAAX,2477
0012800001SDUBmAAP,2478
0010K00002BQxTHQA1,2479
0012800001SDUFeAAP,2480
0012x00000Oy120AAB,2481
0010K00001zVqTXQA0,2482
0010K00002BTcWnQAL,2483
0010K0000240v96QAA,2484
0010K000029GTHXQA4,2485
0010K0000240PvcQAE,2486
0012x00000FFhGHAA1,2487
0012x00000e00lJAAQ,2488
0010K00001fcrCBQAY,2489
0012x00000gA9OOAA0,2490
0012x00000BJDkeAAH,2491
0012x00000GeZMvAAN,2492
0012x000008JymmAAC,2493
0010K00001c8rdlQAA,2494
0010K00001sv2wWQAQ,2495
0010K00001uHPjuQAG,2496
0010K00001wUDfJQAW,2497
0012x00000ZvYuBAAV,2498
0012x000003E1HgAAK,2499
0010K00001feCQ6QAM,2500
0012x00000LP5xXAAT,2501
0012x00000dc411AAA,2502
0012x000002d4IdAAI,2503
0012800001SDU61AAH,2504
0010K000026MMvkQAG,2505
0012x00000RrGhRAAV,2506
0010K000022izS0QAI,2507
0010K000021W9hZQAS,2508
0010K00001zFWRjQAO,2509
0012x000008HpQtAAK,2510
0012x00000SHlbzAAD,2511
0012x00000IM8esAAD,2512
0012x00000Rq5MGAAZ,2513
0010K00002438TEQAY,2514
0012x00000XDMfgAAH,2515
0012x00000XNhZoAAL,2516
0010K00001mfs6eQAA,2517
0012x00000e0OWeAAM,2518
0012x00000MjEVbAAN,2519
0010K00001j7JoaQAE,2520
0012x000008K4TLAA0,2521
0012x00000OKZ7eAAH,2522
0012x00000RqrBfAAJ,2523
0012x00000TtVHFAA3,2524
0012x00000XEWeJAAX,2525
0012x00000cw2PaAAI,2526
0012x000003fFisAAE,2527
0012800001WJtLBAA1,2528
0010K00001hTDzLQAW,2529
0010K00001uGU5RQAW,2530
0010K00001zGwoRQAS,2531
0012x000003DEfZAAW,2532
0012x00000SFdGKAA1,2533
0010K00001xiS9TQAU,2534
0012x00000dzviGAAQ,2535
0010K000023Qe43QAC,2536
0012x00000fm4o3AAA,2537
0010K000021F18pQAC,2538
0010K000027zFhTQAU,2539
0012x00000G2E7XAAV,2540
0012x00000BI2k8AAD,2541
0010K000022k8DdQAI,2542
0012800001GgFRtAAN,2543
0012x000002b8gIAAQ,2544
0012800001SDTGyAAP,2545
0012x00000RrjrcAAB,2546
0012x00000TsareAAB,2547
0010K0000240r9mQAA,2548
0012x00000OwIjxAAF,2549
0010K000023NTURQA4,2550
0010K00001u0q18QAA,2551
0012x00000SIA6CAAX,2552
0012800001SDU2TAAX,2553
0012x000002d8crAAA,2554
0010K00001mCZhJQAW,2555
0012800001SDU3aAAH,2556
0010K00001iJJtkQAG,2557
0010K000021WAYHQA4,2558
0010K00001f0ZqpQAE,2559
0012x00000dbzMmAAI,2560
0012x000002b00dAAA,2561
0012800001IzG4bAAF,2562
0012x00000LQoTwAAL,2563
0012x00000cjWIWAA2,2564
0012800001SmNURAA3,2565
0012x00000THcndAAD,2566
0012x000003Cmo3AAC,2567
0010K00001zVedDQAS,2568
0010K00001ayajbQAA,2569
0012x00000dwGcaAAE,2570
0010K00002438yRQAQ,2571
0012x00000Pwq9oAAB,2572
0010K00001zVgElQAK,2573
0012800001FMjJlAAL,2574
0010K0000241dO6QAI,2575
0012x000003EF9UAAW,2576
0012x00000LPrGZAA1,2577
0010K000029JZL8QAO,2578
0010K000021EXiPQAW,2579
0010K000023OyUjQAK,2580
0012x00000BJ42tAAD,2581
0010K0000281Q5KQAU,2582
0012x00000BIjZ4AAL,2583
0012800001JfYkPAAV,2584
0012x00000bnVQOAA2,2585
0010K0000242pxOQAQ,2586
0012x00000KMqS1AAL,2587
0010K00001c9lWuQAI,2588
0012800001aN24HAAS,2589
0012x00000GeSp0AAF,2590
0012x00000LOhzNAAT,2591
0012x00000RqIY4AAN,2592
0012x00000SHdBoAAL,2593
0012x00000SGCLSAA5,2594
0012x00000G1Ib2AAF,2595
0010K00001rIOQaQAO,2596
0010K00001octMPQAY,2597
0010K00001c5scbQAA,2598
0012x00000SFRznAAH,2599
0010K00001sF8J3QAK,2600
0012x00000G17BDAAZ,2601
0012x00000VdMJ9AAN,2602
0012x00000AEA34AAH,2603
0012800001FzWTjAAN,2604
0012x000003ESF9AAO,2605
0012800001LgKqzAAF,2606
0012x00000OyiPdAAJ,2607
0010K00001yml8aQAA,2608
0012x00000Tu0ggAAB,2609
0010K00001usSG8QAM,2610
0010K00001uIhhCQAS,2611
0012x00000AADJAAA5,2612
0012x00000RraTHAAZ,2613
0010K000020JMX4QAO,2614
0012x00000dbwyOAAQ,2615
0012x00000XOKDEAA5,2616
0010K000020JeoIQAS,2617
0012x00000TrYkFAAV,2618
0010K0000273s6dQAA,2619
0010K0000241gSrQAI,2620
0012800001IzGCKAA3,2621
0012800001IzGBQAA3,2622
0012x00000SIYKGAA5,2623
0012x00000XOVI3AAP,2624
0010K00001eZTCqQAO,2625
0012x00000GaqHFAAZ,2626
0012x00000hWlFyAAK,2627
0010K00001xijaUQAQ,2628
0012x00000TtYimAAF,2629
0012x00000LSWykAAH,2630
0012x00000df4B6AAI,2631
0012x000002aD3KAAU,2632
0010K00001hDTUkQAO,2633
0012x000005SvFiAAK,2634
0010K000028fTiHQAU,2635
0010K000029IL4rQAG,2636
0010K00001zH3PPQA0,2637
0012x00000Nwy44AAB,2638
0012x00000Gbzf2AAB,2639
0012x00000WrXgxAAF,2640
0012x00000RrHypAAF,2641
0010K00001xhjauQAA,2642
0012x00000c9MtOAAU,2643
0012x00000GbAlpAAF,2644
0010K00001y8H8CQAU,2645
0010K00002COv6hQAD,2646
0010K000020H0ozQAC,2647
0010K00001xjXpiQAE,2648
0012x00000OvqrqAAB,2649
0012x00000MjHA6AAN,2650
0012x000008KKOeAAO,2651
0010K00001wE1AyQAK,2652
0012x00000L2sCtAAJ,2653
0012x00000AEFEnAAP,2654
0010K000023Pk0NQAS,2655
0010K00001hDoFLQA0,2656
0012x00000BInyxAAD,2657
0012x00000LQxyqAAD,2658
0012800001I3t7rAAB,2659
0012800001SDUFxAAP,2660
0012800001IzG3tAAF,2661
0010K00002CQU5WQAX,2662
0012800001SDUEEAA5,2663
0012x00000G0fFvAAJ,2664
0012x00000IO5JZAA1,2665
0012x000002agH3AAI,2666
0012x00000XOXdXAAX,2667
0012x00000ddtQuAAI,2668
0012x00000LQMU6AAP,2669
0012x00000THgG8AAL,2670
0010K000022Olw2QAC,2671
0010K00001mhm91QAA,2672
0012x00000TuSs6AAF,2673
0012800001OD8JYAA1,2674
0012800001YJKIEAA5,2675
0012x00000LOpacAAD,2676
0012x00000L3QpcAAF,2677
0010K00001uI6KbQAK,2678
0012x00000FEuaSAAT,2679
0012x00000TsX8LAAV,2680
0012x00000Wrq4eAAB,2681
0010K00001jsXbpQAE,2682
0012x00000Ge3phAAB,2683
0012x00000IMDg3AAH,2684
0012800001Z6DhXAAV,2685
0012x00000Tttr2AAB,2686
0010K000026N8eiQAC,2687
0012x00000GbrC7AAJ,2688
0012800001SDULPAA5,2689
0012x000005SMEUAA4,2690
0010K00001vfJbOQAU,2691
0010K00002410EcQAI,2692
0010K00001dqI57QAE,2693
0012x00000RrLVXAA3,2694
0012800001HMPpbAAH,2695
0012x00000gmWRTAA2,2696
0012x000002e6EnAAI,2697
0012x00000LQ0IXAA1,2698
0010K00001ihHtXQAU,2699
0012x000002b62cAAA,2700
0012800001WbmjaAAB,2701
0012x000008JlQ6AAK,2702
0010K00001tyEVPQA2,2703
0012800001YHAFXAA5,2704
0012x00000cyg3EAAQ,2705
0010K00001jpzjUQAQ,2706
0012x000002dCUbAAM,2707
0012x00000RrSWhAAN,2708
0010K0000272TSHQA2,2709
0012x00000WpjWJAAZ,2710
0010K00002802f9QAA,2711
0010K00001ymme0QAA,2712
0012x000005Sv1dAAC,2713
0012x00000gobovAAA,2714
0012x00000IN9SHAA1,2715
0012x00000cwrRgAAI,2716
0012x00000FFipnAAD,2717
0010K00001jqFYjQAM,2718
0012x00000VfBy6AAF,2719
0012x00000TtKo4AAF,2720
0012800001SDTvLAAX,2721
0010K00001usnuLQAQ,2722
0010K00001u0TJlQAM,2723
0012x00000ADt5AAAT,2724
0010K00001wWD8UQAW,2725
0012800001TSXQMAA5,2726
0012x00000TH8HyAAL,2727
0012x00000SFK3EAAX,2728
0012800001aOTNPAA4,2729
0012x00000MicjoAAB,2730
0010K00002BRERfQAP,2731
0012800001SDTCuAAP,2732
0012x00000XO909AAD,2733
0012x00000Mjg1EAAR,2734
0010K000022PKrdQAG,2735
0012x00000MgOXDAA3,2736
0010K00001jOTZJQA4,2737
0012x00000G2lZOAAZ,2738
0012x000002cPbhAAE,2739
0012800001SDT9FAAX,2740
0012x00000MjQz6AAF,2741
0012x00000PxDRNAA3,2742
0012x00000LQevkAAD,2743
0010K00002BTZxSQAX,2744
0010K00001wEJWaQAO,2745
0012x00000WrzHKAAZ,2746
0012x00000GcPtIAAV,2747
0012800001SDU8SAAX,2748
0012800001SDTrFAAX,2749
0010K00002BTYQ6QAP,2750
0012800001YHWTfAAP,2751
0012800001SDTA4AAP,2752
0012x00000BIu6lAAD,2753
0010K000027yy8iQAA,2754
0012x00000WtQjgAAF,2755
0012x00000XBA4eAAH,2756
0012x00000OJmZNAA1,2757
0012x00000IPjnwAAD,2758
0012x00000MkBgCAAV,2759
0012x00000IPPguAAH,2760
0012x000002ayHxAAI,2761
0012800001GhXGFAA3,2762
0012x00000OJyrVAAT,2763
0012x00000BHYsSAAX,2764
0012800001SDTCFAA5,2765
0010K0000240NIxQAM,2766
0010K000020HEZQQA4,2767
0012x00000BIXq8AAH,2768
0012x00000RpuD1AAJ,2769
0012x00000d8lCEAAY,2770
0010K000025xiAdQAI,2771
0012x00000ZwQWJAA3,2772
0010K000026PizsQAC,2773
0012x00000Px7srAAB,2774
0012x00000L3GJYAA3,2775
0012x00000BIHJjAAP,2776
0010K0000242us6QAA,2777
0010K00001y7NHdQAM,2778
0012800001IzG5HAAV,2779
0012x00000gorkPAAQ,2780
0010K000022omonQAA,2781
0012x000002dC1ZAAU,2782
0010K000021E92QQAS,2783
0012x00000TrOW1AAN,2784
0012x00000IMgZYAA1,2785
0010K000026PB1RQAW,2786
0012x000002clxIAAQ,2787
0012800001OCfMHAA1,2788
0012x00000WUtYPAA1,2789
0012x00000Gc7uhAAB,2790
0010K00002825UJQAY,2791
0012x00000SIK0GAAX,2792
0010K00001hUfXcQAK,2793
0012800001Z3vFDAAZ,2794
0012800001SDUFyAAP,2795
0012x00000dbMF4AAM,2796
0012800001SDUHkAAP,2797
0012800001SDUIxAAP,2798
0012x00000ACebyAAD,2799
0012800001SDTzAAAX,2800
0010K000022PH2mQAG,2801
0012x00000OKGDHAA5,2802
0012x000005S4JMAA0,2803
0012x00000OKgUxAAL,2804
0012800001SDU5EAAX,2805
0012x00000VcBu1AAF,2806
0010K00001xjd3YQAQ,2807
0012x00000LPtC8AAL,2808
0012x00000Gcyz8AAB,2809
0012x00000OyqkhAAB,2810
0012x000002cfXOAAY,2811
0012x00000G1uwTAAR,2812
0012x00000XDItvAAH,2813
0010K0000275xFXQAY,2814
0012x00000GeqAbAAJ,2815
0012x00000KLnN6AAL,2816
0012800001b2zUpAAI,2817
0012x00000ckiLjAAI,2818
0012x00000LSZhQAAX,2819
0012800001SDU2RAAX,2820
0012x00000FFqNiAAL,2821
0012x00000XPELJAA5,2822
0012x00000Tv2GuAAJ,2823
0012x00000LPns8AAD,2824
0012x00000MgomiAAB,2825
0010K00001y8mEWQAY,2826
0012x00000GdU8CAAV,2827
0012x00000INx4sAAD,2828
0012x00000FGNWfAAP,2829
0012x00000dBIgsAAG,2830
0012x00000XLBPgAAP,2831
0010K00001qioBXQAY,2832
0010K000021F2DWQA0,2833
0012x000002aSQqAAM,2834
0010K0000260miUQAQ,2835
0012x00000WXo1hAAD,2836
0012x00000THeXCAA1,2837
0012x000003EpcbAAC,2838
0010K00001y5JW0QAM,2839
0012x00000SHoVqAAL,2840
0010K00001zFvpmQAC,2841
0012800001aOqOPAA0,2842
0012x00000TJKt4AAH,2843
0010K00001eaSKRQA2,2844
0012x00000WtF5HAAV,2845
0012x00000LQ9gGAAT,2846
0012x00000GdwVsAAJ,2847
0012x00000IOsIdAAL,2848
0010K00001cxOTwQAM,2849
0012x00000LSD8XAAX,2850
0010K00001tyf32QAA,2851
0012x00000G2s2SAAR,2852
0012x000003DyShAAK,2853
0010K00001jM1yzQAC,2854
0010K0000242nGkQAI,2855
0012x000003E5ebAAC,2856
0012x00000XO0AEAA1,2857
0012x00000PvjEuAAJ,2858
0012x00000SFiGbAAL,2859
0010K00001ayZtjQAE,2860
0012800001SDUABAA5,2861
0012x00000GeoBiAAJ,2862
0012x00000G0xkfAAB,2863
0012x00000OKyHmAAL,2864
0010K000023Pl83QAC,2865
0012x00000GbViEAAV,2866
0012x000003EuYaAAK,2867
0010K00001zUd34QAC,2868
0012x00000LPrexAAD,2869
0012x00000Wq1CbAAJ,2870
0012800001TRPTMAA5,2871
0010K000022pF7xQAE,2872
0012x00000LRguXAAT,2873
0012800001aOR1gAAG,2874
0010K0000241nCXQAY,2875
0012x000008KfKLAA0,2876
0012x00000NRzKXAA1,2877
0010K00001xM0q0QAC,2878
0012x00000LQOnZAAX,2879
0012x00000ADigaAAD,2880
